,Property Types,Price,streetAddresses,City,State,Zipcode,Size,Beds,Baths
0,House for Sale,"$474,900","
                  501 Marford Dr,
                  ",Creve Coeur,MO,63141,"2,377",3,3
1,Condo/Townhome,"$189,000","
                  922 Pavillion Dr,
                  ",Chesterfield,MO,63141,"1,819",3,2.5
2,Condo/Townhome,"$239,900","
                  564 Sarah Ln Apt 402,
                  ",Saint Louis,MO,63141,"2,047",3,2.5
3,House for Sale,"$349,900","
                  849 Haverton Dr,
                  ",Saint Louis,MO,63141,"1,804",3,2.5
4,House for Sale,"$255,000","
                  730 Aramis Dr,
                  ",Creve Coeur,MO,63141,"1,800",3,3
5,Condo/Townhome,"$189,900","
                  966 Somerfor Pl,
                  ",Saint Louis,MO,63141,"1,590",3,2.5
6,Condo/Townhome,"$165,000","
                  847 Coalport Dr,
                  ",Saint Louis,MO,63141,"1,450",2,2.5
7,House for Sale,"$500,000","
                  12418 Conway Rd,
                  ",Saint Louis,MO,63141,"2,032",3,3.5
8,House for Sale,"$850,000","
                  149 Bellington Ln,
                  ",Saint Louis,MO,63141,"3,308",4,4.5
9,House for Sale,"$650,000","
                  862 Amersham Dr,
                  ",Saint Louis,MO,63141,"2,967",4,3.5+
10,House for Sale,"$475,000","
                  530 Graeser Rd,
                  ",Creve Coeur,MO,63141,"2,061",3,2.5
11,Condo/Townhome,"$199,000","
                  578 Sarah Ln Apt 307,
                  ",Saint Louis,MO,63141,"1,784",2,2
12,House for Sale,"$289,000","
                  13254 Cochero Dr,
                  ",Saint Louis,MO,63141,"1,728",3,2
13,Condo/Townhome,"$123,900","
                  1195 Town and Four Parkway Dr Unit 1195,
                  ",Creve Coeur,MO,63141,914,2,1.5
14,House for Sale,"$385,000","
                  538 Fairways Cir,
                  ",Creve Coeur,MO,63141,"1,830",2,2
15,House for Sale,"$649,000","
                  123 N Mosley Rd,
                  ",Creve Coeur,MO,63141,"2,420",4,3.5
16,House for Sale,"$699,000","
                  300 Doulton Pl,
                  ",Town and Country,MO,63141,"3,488",5,3.5+
17,House for Sale,"$675,000","
                  21 Beacon Hill Ln,
                  ",Creve Coeur,MO,63141,"2,640",4,4.5
18,Condo/Townhome,"$145,000","
                  572 Coeur De Royale Dr Apt 207,
                  ",Creve Coeur,MO,63141,"1,380",1,2
19,House for Sale,"$849,900","
                  12554 Clark Manor Cir,
                  ",Saint Louis,MO,63141,"3,916",6,4.5
20,House for Sale,"$1,325,000","
                  296 S Graeser Rd,
                  ",Saint Louis,MO,63141,"4,879",5,5.5+
21,House for Sale,"$410,000","
                  11951 Emerald Green Dr,
                  ",Saint Louis,MO,63141,"2,498",4,3
22,Condo/Townhome,"$215,000","
                  13115 Mill Crossing Ct Apt 303,
                  ",Creve Coeur,MO,63141,"1,356",2,2
23,House for Sale,"$699,900","
                  125 Ladue Farm Rd,
                  ",Saint Louis,MO,63141,"3,588",4,3.5
24,House for Sale,"$479,000","
                  404 Marford Dr,
                  ",Creve Coeur,MO,63141,"2,327",4,3.5
25,House for Sale,"$975,000","
                  27 Tealwood Dr,
                  ",Saint Louis,MO,63141,"2,877",4,3.5
26,House for Sale,"$659,900","
                  13457 Maple Ridge Ct,
                  ",Saint Louis,MO,63141,"2,945",4,2.5+
27,House for Sale,"$1,275,000","
                  303 Hampshire Hill Ln,
                  ",Town and Country,MO,63141,"4,283",5,3.5
28,House for Sale,"$589,000","
                  483 Staines Ct,
                  ",Saint Louis,MO,63141,"2,200",3,3.5
29,House for Sale,"$499,000","
                  312 S Spoede Rd,
                  ",Saint Louis,MO,63141,"2,974",6,4
30,House for Sale,"$499,900","
                  855 Mission Hills Ct,
                  ",Saint Louis,MO,63141,"1,972",3,2.5
31,House for Sale,"$619,900","
                  13536 Ladue Farm Rd,
                  ",Saint Louis,MO,63141,"2,793",4,2.5
32,House for Sale,"$799,000","
                  11 Ladue Estates Dr,
                  ",Saint Louis,MO,63141,"2,655",3,3
33,House for Sale,"$899,900","
                  12709 Creekside View Dr,
                  ",Saint Louis,MO,63141,"3,730",3,3.5
34,House for Sale,"$720,000","
                  217 Ladue Oaks,
                  ",Saint Louis,MO,63141,"3,704",4,3.5+
35,House for Sale,"$789,000","
                  27 Muirfield Ln,
                  ",Saint Louis,MO,63141,"3,655",4,4
36,House for Sale,"$675,000","
                  333 Falaise Dr,
                  ",Saint Louis,MO,63141,"3,057",5,3.5
37,House for Sale,"$1,195,000","
                  408 Wythe House Ct,
                  ",Saint Louis,MO,63141,"3,540",3,3.5
38,House for Sale,"$909,500","
                  Hip,
                  ",Saint Louis,MO,63141,"2,440",3,2.5
39,House for Sale,"$794,500","
                  Gable,
                  ",Saint Louis,MO,63141,"2,440",3,2.5
40,House for Sale,"$1,200,000","
                  12321-TBB Boothbay Ct,
                  ",Creve Coeur,MO,63141,"3,800",4,3.5
41,House for Sale,"$1,380,000","
                  111 N Mosley Rd,
                  ",Creve Coeur,MO,63141,"3,166",4,3.5
42,House for Sale,"$1,824,000","
                  The Huntbridge,
                  ",Saint Louis,MO,63141,"4,584",4,3.5+
43,House for Sale,"$1,720,000","
                  The Cambridge,
                  ",Saint Louis,MO,63141,"4,298",4,3.5+
44,House for Sale,"$474,900","
                  501 Marford Dr,
                  ",Creve Coeur,MO,63141,"2,377",3,3
45,Condo/Townhome,"$189,000","
                  922 Pavillion Dr,
                  ",Chesterfield,MO,63141,"1,819",3,2.5
46,Condo/Townhome,"$239,900","
                  564 Sarah Ln Apt 402,
                  ",Saint Louis,MO,63141,"2,047",3,2.5
47,House for Sale,"$349,900","
                  849 Haverton Dr,
                  ",Saint Louis,MO,63141,"1,804",3,2.5
48,House for Sale,"$255,000","
                  730 Aramis Dr,
                  ",Creve Coeur,MO,63141,"1,800",3,3
49,Condo/Townhome,"$189,900","
                  966 Somerfor Pl,
                  ",Saint Louis,MO,63141,"1,590",3,2.5
50,Condo/Townhome,"$165,000","
                  847 Coalport Dr,
                  ",Saint Louis,MO,63141,"1,450",2,2.5
51,House for Sale,"$500,000","
                  12418 Conway Rd,
                  ",Saint Louis,MO,63141,"2,032",3,3.5
52,House for Sale,"$850,000","
                  149 Bellington Ln,
                  ",Saint Louis,MO,63141,"3,308",4,4.5
53,House for Sale,"$650,000","
                  862 Amersham Dr,
                  ",Saint Louis,MO,63141,"2,967",4,3.5+
54,House for Sale,"$475,000","
                  530 Graeser Rd,
                  ",Creve Coeur,MO,63141,"2,061",3,2.5
55,Condo/Townhome,"$199,000","
                  578 Sarah Ln Apt 307,
                  ",Saint Louis,MO,63141,"1,784",2,2
56,House for Sale,"$289,000","
                  13254 Cochero Dr,
                  ",Saint Louis,MO,63141,"1,728",3,2
57,Condo/Townhome,"$123,900","
                  1195 Town and Four Parkway Dr Unit 1195,
                  ",Creve Coeur,MO,63141,914,2,1.5
58,House for Sale,"$385,000","
                  538 Fairways Cir,
                  ",Creve Coeur,MO,63141,"1,830",2,2
59,House for Sale,"$649,000","
                  123 N Mosley Rd,
                  ",Creve Coeur,MO,63141,"2,420",4,3.5
60,House for Sale,"$699,000","
                  300 Doulton Pl,
                  ",Town and Country,MO,63141,"3,488",5,3.5+
61,House for Sale,"$675,000","
                  21 Beacon Hill Ln,
                  ",Creve Coeur,MO,63141,"2,640",4,4.5
62,Condo/Townhome,"$145,000","
                  572 Coeur De Royale Dr Apt 207,
                  ",Creve Coeur,MO,63141,"1,380",1,2
63,House for Sale,"$849,900","
                  12554 Clark Manor Cir,
                  ",Saint Louis,MO,63141,"3,916",6,4.5
64,House for Sale,"$1,325,000","
                  296 S Graeser Rd,
                  ",Saint Louis,MO,63141,"4,879",5,5.5+
65,House for Sale,"$410,000","
                  11951 Emerald Green Dr,
                  ",Saint Louis,MO,63141,"2,498",4,3
66,Condo/Townhome,"$215,000","
                  13115 Mill Crossing Ct Apt 303,
                  ",Creve Coeur,MO,63141,"1,356",2,2
67,House for Sale,"$699,900","
                  125 Ladue Farm Rd,
                  ",Saint Louis,MO,63141,"3,588",4,3.5
68,House for Sale,"$479,000","
                  404 Marford Dr,
                  ",Creve Coeur,MO,63141,"2,327",4,3.5
69,House for Sale,"$975,000","
                  27 Tealwood Dr,
                  ",Saint Louis,MO,63141,"2,877",4,3.5
70,House for Sale,"$659,900","
                  13457 Maple Ridge Ct,
                  ",Saint Louis,MO,63141,"2,945",4,2.5+
71,House for Sale,"$1,275,000","
                  303 Hampshire Hill Ln,
                  ",Town and Country,MO,63141,"4,283",5,3.5
72,House for Sale,"$589,000","
                  483 Staines Ct,
                  ",Saint Louis,MO,63141,"2,200",3,3.5
73,House for Sale,"$499,000","
                  312 S Spoede Rd,
                  ",Saint Louis,MO,63141,"2,974",6,4
74,House for Sale,"$499,900","
                  855 Mission Hills Ct,
                  ",Saint Louis,MO,63141,"1,972",3,2.5
75,House for Sale,"$619,900","
                  13536 Ladue Farm Rd,
                  ",Saint Louis,MO,63141,"2,793",4,2.5
76,House for Sale,"$799,000","
                  11 Ladue Estates Dr,
                  ",Saint Louis,MO,63141,"2,655",3,3
77,House for Sale,"$899,900","
                  12709 Creekside View Dr,
                  ",Saint Louis,MO,63141,"3,730",3,3.5
78,House for Sale,"$720,000","
                  217 Ladue Oaks,
                  ",Saint Louis,MO,63141,"3,704",4,3.5+
79,House for Sale,"$789,000","
                  27 Muirfield Ln,
                  ",Saint Louis,MO,63141,"3,655",4,4
80,House for Sale,"$675,000","
                  333 Falaise Dr,
                  ",Saint Louis,MO,63141,"3,057",5,3.5
81,House for Sale,"$1,195,000","
                  408 Wythe House Ct,
                  ",Saint Louis,MO,63141,"3,540",3,3.5
82,House for Sale,"$909,500","
                  Hip,
                  ",Saint Louis,MO,63141,"2,440",3,2.5
83,House for Sale,"$794,500","
                  Gable,
                  ",Saint Louis,MO,63141,"2,440",3,2.5
84,House for Sale,"$1,200,000","
                  12321-TBB Boothbay Ct,
                  ",Creve Coeur,MO,63141,"3,800",4,3.5
85,House for Sale,"$1,380,000","
                  111 N Mosley Rd,
                  ",Creve Coeur,MO,63141,"3,166",4,3.5
86,House for Sale,"$1,824,000","
                  The Huntbridge,
                  ",Saint Louis,MO,63141,"4,584",4,3.5+
87,House for Sale,"$1,720,000","
                  The Cambridge,
                  ",Saint Louis,MO,63141,"4,298",4,3.5+
88,House for Sale,"$328,000","
                  818 Walfield Ct,
                  ",Saint Louis,MO,63141,"2,080",4,3.5
89,House for Sale,"$469,900","
                  11144 Saucier Dr,
                  ",Saint Louis,MO,63141,"1,763",4,3
90,House for Sale,"$459,000","
                  45 Notre Dame Dr,
                  ",Saint Louis,MO,63141,"2,290",3,4
91,House for Sale,"$399,900","
                  162 Petite Royale Ct,
                  ",Saint Louis,MO,63141,"2,939",4,2.5
92,House for Sale,"$659,900","
                  206 Pebble Acres Dr,
                  ",Town and Country,MO,63141,"2,569",4,3
93,House for Sale,"$499,950","
                  12541 Mason Forest Dr,
                  ",Creve Coeur,MO,63141,"2,953",4,2.5
94,House for Sale,"$420,000","
                  665 N Mosley Rd,
                  ",Saint Louis,MO,63141,"1,884",3,3
95,House for Sale,"$775,000","
                  37 Ladue Estates Dr,
                  ",Saint Louis,MO,63141,"2,780",4,3.5
96,House for Sale,"$400,000","
                  355 Hibler Ct,
                  ",Saint Louis,MO,63141,"2,782",4,2.5
97,House for Sale,"$539,900","
                  19 Country Fair Ln,
                  ",Creve Coeur,MO,63141,"2,303",4,3
98,House for Sale,"$825,000","
                  12322 Hibler Rd,
                  ",Saint Louis,MO,63141,"3,968",4,4.5+
99,Condo/Townhome,"$68,000","
                  942 Guelbreth Ln Apt 102,
                  ",Saint Louis,MO,63141,768,1,1
100,House for Sale,"$474,900","
                  34 Ladue Estates Dr,
                  ",Saint Louis,MO,63141,"2,116",3,2
101,House for Sale,"$635,000","
                  7 Beacon Hill Ln,
                  ",Saint Louis,MO,63141,"2,628",5,3.5
102,Condo/Townhome,"$130,000","
                  13478 Forestlac Dr,
                  ",Saint Louis,MO,63141,"1,288",2,1.5
103,House for Sale,"$1,049,000","
                  410 Conway Aire Dr,
                  ",Saint Louis,MO,63141,"4,395",5,3.5+
104,House for Sale,"$170,000","
                  863 Deaver Ln,
                  ",Saint Louis,MO,63141,"1,484",3,1
105,House for Sale,"$672,000","
                  71 Ladue Estates Dr,
                  ",Creve Coeur,MO,63141,"3,167",4,3.5+
106,House for Sale,"$795,000","
                  915 Woodshire Ln,
                  ",Saint Louis,MO,63141,"3,706",4,4.5
107,House for Sale,"$749,000","
                  12315 Boothbay Ct,
                  ",Creve Coeur,MO,63141,"3,462",3,5.5
108,House for Sale,"$699,900","
                  13313 Wood Stone Ct,
                  ",Town and Country,MO,63141,"3,008",3,3.5+
109,House for Sale,"$399,000","
                  352 Hibler Ct,
                  ",Saint Louis,MO,63141,"2,265",4,2
110,House for Sale,"$1,590,000","
                  52 Muirfield Ct,
                  ",Town and Country,MO,63141,"4,822",7,4.5
111,House for Sale,"$1,950,000","
                  125 N Spoede Rd,
                  ",Creve Coeur,MO,63141,"6,858",5,6.5+
112,Condo/Townhome,"$75,000","
                  13415 Land O Woods Dr Apt 2,
                  ",Saint Louis,MO,63141,"1,092",2,1
113,House for Sale,"$849,000","
                  12561 Amersham Ct,
                  ",Saint Louis,MO,63141,"4,184",5,4.5
114,House for Sale,"$350,000","
                  901 Woodshire Ln,
                  ",Saint Louis,MO,63141,"1,960",3,2
115,House for Sale,"$790,000","
                  222 N Mason Rd,
                  ",Creve Coeur,MO,63141,"2,450",4,3.5
116,House for Sale,"$75,000","
                  1036 Fernview Dr,
                  ",Saint Louis,MO,63141,"2,106",4,2.5
117,Land,"$280,000","
                  832 Larkin Ave,
                  ",Saint Louis,MO,63141,0,0.49,0
118,House for Sale,"$816,500","
                  Boxey,
                  ",Saint Louis,MO,63141,"2,440",3,2.5
119,House for Sale,"$861,300","
                  11906 Santino Ct Lot 8,
                  ",Creve Coeur,MO,63141,"3,175",3,3.5
120,Land,"$295,000","
                  12321 Boothbay Ct,
                  ",Creve Coeur,MO,63141,0,0.8,0
121,House for Sale,"$794,500","
                  Gable,
                  ",Saint Louis,MO,63141,"2,440",3,2.5
122,House for Sale,"$851,300","
                  11913 Tbb Santino Ct Lot 3,
                  ",Creve Coeur,MO,63141,"3,175",4,3.5
123,House for Sale,"$851,300","
                  11913 Santino Ct Lot 3,
                  ",Creve Coeur,MO,63141,"3,175",4,3.5
124,House for Sale,"$866,300","
                  11925 Santino Ct Lot 4,
                  ",Creve Coeur,MO,63141,"3,175",4,3.5
125,House for Sale,"$866,300","
                  11925 Tbb Santino Ct Lot 4,
                  ",Creve Coeur,MO,63141,"3,175",4,3.5
126,House for Sale,"$861,300","
                  11900 Tbb Santino Ct Lot 9,
                  ",Creve Coeur,MO,63141,"3,000",4,3.5
127,House for Sale,"$861,300","
                  11906 Tbb Santino Ct Lot 8,
                  ",Creve Coeur,MO,63141,"3,175",4,3.5
128,House for Sale,"$861,300","
                  11912 Santino Ct Lot 7,
                  ",Creve Coeur,MO,63141,"3,175",4,3.5
129,House for Sale,"$861,300","
                  11912 Tbb Santino Ct Lot 7,
                  ",Creve Coeur,MO,63141,"3,175",4,3.5
130,House for Sale,"$909,500","
                  Hip,
                  ",Saint Louis,MO,63141,"2,440",3,2.5
131,House for Sale,"$789,000","
                  6 Lawrence Dr,
                  ",Creve Coeur,MO,63141,"3,199",4,3.5
132,Condo/Townhome,"$375,000","
                  7507 Buckingham Dr Apt 1W,
                  ",Saint Louis,MO,63105,"1,782",3,2
133,Condo/Townhome,"$375,000","
                  6311 Southwood Ave Apt 3E,
                  ",Saint Louis,MO,63105,"1,785",3,2
134,House for Sale,"$1,150,000","
                  21 Crestwood Dr,
                  ",Clayton,MO,63105,"3,714",4,3.5
135,House for Sale,"$1,200,000","
                  7516 Wellington Way,
                  ",Clayton,MO,63105,"4,552",7,6
136,Condo/Townhome,"$1,050,000","
                  8025 Maryland Ave Unit 4J,
                  ",Clayton,MO,63105,"2,181",3,3
137,Condo/Townhome,"$495,000","
                  303 N Meramec Ave Apt 101,
                  ",Saint Louis,MO,63105,"2,199",2,2.5
138,House for Sale,"$1,369,000","
                  7215 Forsyth Blvd,
                  ",Saint Louis,MO,63105,"3,780",4,4.5
139,Condo/Townhome,"$130,000","
                  827 Westwood Dr Apt 1E,
                  ",Saint Louis,MO,63105,691,1,1
140,Condo/Townhome,"$299,000","
                  215 N Central Ave Apt 1N,
                  ",Clayton,MO,63105,"1,232",2,1
141,House for Sale,"$525,000","
                  7659 Carswold Dr,
                  ",Clayton,MO,63105,"1,620",3,2.5
142,Condo/Townhome,"$149,900","
                  8052 Davis Dr Apt 1E,
                  ",Clayton,MO,63105,672,2,1
143,Condo/Townhome,"$299,900","
                  6328 Northwood Ave Apt 2W,
                  ",Saint Louis,MO,63105,"1,525",3,1
144,Condo/Townhome,"$625,000","
                  7518 Parkdale Ave Apt 304,
                  ",Saint Louis,MO,63105,"2,033",3,3
145,House for Sale,"$599,000","
                  6336 Alamo Ave,
                  ",Saint Louis,MO,63105,"1,872",3,1.5
146,Condo/Townhome,"$299,900","
                  6611 San Bonita Ave Unit 1,
                  ",Saint Louis,MO,63105,"1,119",2,1
147,Condo/Townhome,"$725,000","
                  126 N Central Ave Apt A,
                  ",Saint Louis,MO,63105,"1,755",4,3
148,Condo/Townhome,"$299,000","
                  7559 Byron Pl Apt 1E,
                  ",Clayton,MO,63105,"1,493",3,2
149,House for Sale,"$385,000","
                  8111 Colmar Dr,
                  ",Clayton,MO,63105,"2,249",3,2
150,House for Sale,"$725,000","
                  7616 Maryland Ave,
                  ",Saint Louis,MO,63105,"2,194",3,3
151,Condo/Townhome,"$275,000","
                  200 S Brentwood Blvd Apt 18F,
                  ",Clayton,MO,63105,"1,204",2,2
152,House for Sale,"$1,250,000","
                  641 W Polo Dr,
                  ",Saint Louis,MO,63105,"4,085",6,4.5+
153,Condo/Townhome,"$329,000","
                  250 S Brentwood Blvd Apt 2H,
                  ",Saint Louis,MO,63105,"1,965",3,2.5
154,House for Sale,"$825,000","
                  8 Aberdeen Pl,
                  ",Saint Louis,MO,63105,"3,800",6,3.5
155,Condo/Townhome,"$125,900","
                  7569 Buckingham Dr Apt 4,
                  ",Saint Louis,MO,63105,610,1,1
156,House for Sale,"$1,495,000","
                  7 Southmoor Dr,
                  ",Clayton,MO,63105,"4,170",6,3.5
157,House for Sale,"$395,000","
                  424 Oakley Dr,
                  ",Clayton,MO,63105,"2,953",5,2
158,Condo/Townhome,"$124,500","
                  8125 Roxburgh Dr Apt 6,
                  ",Clayton,MO,63105,858,1,1
159,Condo/Townhome,"$224,900","
                  7544 York Dr Apt 2W,
                  ",Saint Louis,MO,63105,"1,369",2,1.5
160,House for Sale,"$794,900","
                  8025 Orlando Dr,
                  ",Saint Louis,MO,63105,"2,780",4,2.5+
161,Condo/Townhome,"$239,900","
                  900 S Hanley Rd Apt 8C,
                  ",Clayton,MO,63105,"1,653",2,2
162,House for Sale,"$455,000","
                  7123 Northmoor Dr,
                  ",Saint Louis,MO,63105,"2,488",3,2.5
163,Condo/Townhome,"$424,900","
                  625 S Skinker Blvd Apt 402,
                  ",Saint Louis,MO,63105,"1,872",4,2
164,Condo/Townhome,"$235,900","
                  6418 Alamo Ave Unit 1W,
                  ",Saint Louis,MO,63105,"1,050",2,2
165,House for Sale,"$599,000","
                  437 Oakley Dr,
                  ",Clayton,MO,63105,"2,827",3,2.5
166,House for Sale,"$245,000","
                  732 Francis Pl,
                  ",Saint Louis,MO,63105,"1,350",2,1
167,Condo/Townhome,"$1,895,000","
                  150 Carondelet Plz Unit 2202,
                  ",Saint Louis,MO,63105,"3,176",3,2.5
168,House for Sale,"$4,195,000","
                  29 W Brentmoor Park,
                  ",Clayton,MO,63105,"8,876",5,6.5+
169,House for Sale,"$799,900","
                  616 S Meramec Ave,
                  ",Saint Louis,MO,63105,"2,531",4,3.5
170,House for Sale,"$1,125,000","
                  901 S Bemiston Ave,
                  ",Clayton,MO,63105,"3,754",5,3.5+
171,House for Sale,"$719,900","
                  919 S Skinker Blvd,
                  ",Saint Louis,MO,63105,"3,600",4,3.5+
172,Condo/Townhome,"$205,000","
                  520 S Brentwood Blvd Apt 3A,
                  ",Saint Louis,MO,63105,"1,590",2,2
173,Condo/Townhome,"$995,000","
                  800 S Hanley Rd Apt 4E,
                  ",Clayton,MO,63105,"3,112",2,2.5
174,House for Sale,"$345,000","
                  7529 Wellington Way Unit 3,
                  ",Clayton,MO,63105,"1,770",3,2
175,Condo/Townhome,"$1,475,000","
                  150 Carondelet Plz Unit 901,
                  ",Saint Louis,MO,63105,"2,674",2,2.5
176,Condo/Townhome,"$375,000","
                  7507 Buckingham Dr Apt 1W,
                  ",Saint Louis,MO,63105,"1,782",3,2
177,House for Sale,"$1,150,000","
                  21 Crestwood Dr,
                  ",Clayton,MO,63105,"3,714",4,3.5
178,Condo/Townhome,"$375,000","
                  6311 Southwood Ave Apt 3E,
                  ",Saint Louis,MO,63105,"1,785",3,2
179,House for Sale,"$6,000,000","
                  31 Brentmoor Park,
                  ",Saint Louis,MO,63105,"10,286",5,5.5+
180,House for Sale,"$385,000","
                  8111 Colmar Dr,
                  ",Clayton,MO,63105,"2,249",3,2
181,House for Sale,"$1,369,000","
                  7215 Forsyth Blvd,
                  ",Saint Louis,MO,63105,"3,780",4,4.5
182,Condo/Townhome,"$185,000","
                  900 S Hanley Rd Apt 9E,
                  ",Saint Louis,MO,63105,"1,620",2,2
183,House for Sale,"$4,195,000","
                  29 W Brentmoor Park,
                  ",Clayton,MO,63105,"8,876",5,6.5+
184,Condo/Townhome,"$238,900","
                  705 Westwood Dr Apt 3C,
                  ",Saint Louis,MO,63105,"1,475",2,1
185,House for Sale,"$245,000","
                  732 Francis Pl,
                  ",Saint Louis,MO,63105,"1,350",2,1
186,House for Sale,"$725,000","
                  7616 Maryland Ave,
                  ",Saint Louis,MO,63105,"2,194",3,3
187,House for Sale,"$1,250,000","
                  641 W Polo Dr,
                  ",Saint Louis,MO,63105,"4,085",6,4.5+
188,House for Sale,"$599,000","
                  6336 Alamo Ave,
                  ",Saint Louis,MO,63105,"1,872",3,1.5
189,House for Sale,"$1,200,000","
                  7516 Wellington Way,
                  ",Clayton,MO,63105,"4,552",7,6
190,House for Sale,"$525,000","
                  7659 Carswold Dr,
                  ",Clayton,MO,63105,"1,620",3,2.5
191,House for Sale,"$1,495,000","
                  7 Southmoor Dr,
                  ",Clayton,MO,63105,"4,170",6,3.5
192,House for Sale,"$924,900","
                  68 Aberdeen Pl,
                  ",Clayton,MO,63105,"2,835",4,4.5
193,House for Sale,"$825,000","
                  8 Aberdeen Pl,
                  ",Saint Louis,MO,63105,"3,800",6,3.5
194,Condo/Townhome,"$1,050,000","
                  8025 Maryland Ave Unit 4J,
                  ",Clayton,MO,63105,"2,181",3,3
195,House for Sale,"$988,500","
                  7728 Country Club Ct,
                  ",Clayton,MO,63105,"2,500",3,2.5
196,House for Sale,"$719,900","
                  919 S Skinker Blvd,
                  ",Saint Louis,MO,63105,"3,600",4,3.5+
197,Condo/Townhome,"$1,475,000","
                  150 Carondelet Plz Unit 901,
                  ",Saint Louis,MO,63105,"2,674",2,2.5
198,Condo/Townhome,"$329,000","
                  250 S Brentwood Blvd Apt 2H,
                  ",Saint Louis,MO,63105,"1,965",3,2.5
199,Condo/Townhome,"$130,000","
                  827 Westwood Dr Apt 1E,
                  ",Saint Louis,MO,63105,691,1,1
200,Condo/Townhome,"$299,900","
                  8054 Davis Dr Unit 3,
                  ",Saint Louis,MO,63105,"1,458",3,3
201,Condo/Townhome,"$205,000","
                  520 S Brentwood Blvd Apt 3A,
                  ",Saint Louis,MO,63105,"1,590",2,2
202,Condo/Townhome,"$299,000","
                  215 N Central Ave Apt 1N,
                  ",Clayton,MO,63105,"1,232",2,1
203,House for Sale,"$599,000","
                  437 Oakley Dr,
                  ",Clayton,MO,63105,"2,827",3,2.5
204,Condo/Townhome,"$299,900","
                  6611 San Bonita Ave Unit 1,
                  ",Saint Louis,MO,63105,"1,119",2,1
205,Condo/Townhome,"$995,000","
                  800 S Hanley Rd Apt 4E,
                  ",Clayton,MO,63105,"3,112",2,2.5
206,Multi-Family Home,"$698,000","
                  905 Concordia Ln,
                  ",Clayton,MO,63105,"4,032",4,4
207,Condo/Townhome,"$235,900","
                  6418 Alamo Ave Unit 1W,
                  ",Saint Louis,MO,63105,"1,050",2,2
208,Condo/Townhome,"$1,895,000","
                  150 Carondelet Plz Unit 2202,
                  ",Saint Louis,MO,63105,"3,176",3,2.5
209,Condo/Townhome,"$495,000","
                  303 N Meramec Ave Apt 101,
                  ",Saint Louis,MO,63105,"2,199",2,2.5
210,Condo/Townhome,"$424,900","
                  625 S Skinker Blvd Apt 402,
                  ",Saint Louis,MO,63105,"1,872",4,2
211,Condo/Townhome,"$299,900","
                  6328 Northwood Ave Apt 2W,
                  ",Saint Louis,MO,63105,"1,525",3,1
212,Condo/Townhome,"$625,000","
                  7518 Parkdale Ave Apt 304,
                  ",Saint Louis,MO,63105,"2,033",3,3
213,Condo/Townhome,"$149,900","
                  8052 Davis Dr Apt 1E,
                  ",Clayton,MO,63105,672,2,1
214,Condo/Townhome,"$299,000","
                  7559 Byron Pl Apt 1E,
                  ",Clayton,MO,63105,"1,493",3,2
215,Condo/Townhome,"$275,000","
                  200 S Brentwood Blvd Apt 18F,
                  ",Clayton,MO,63105,"1,204",2,2
216,Condo/Townhome,"$129,000","
                  7571 Wellington Way Apt 1D,
                  ",Saint Louis,MO,63105,644,1,1
217,Condo/Townhome,"$725,000","
                  126 N Central Ave Apt A,
                  ",Saint Louis,MO,63105,"1,755",4,3
218,Condo/Townhome,"$125,900","
                  7569 Buckingham Dr Apt 4,
                  ",Saint Louis,MO,63105,610,1,1
219,Condo/Townhome,"$124,500","
                  8125 Roxburgh Dr Apt 6,
                  ",Clayton,MO,63105,858,1,1
220,House for Sale,"$2,250,000","
                  10 Carrswold Dr,
                  ",Clayton,MO,63105,"7,947",7,6.5+
221,House for Sale,"$395,000","
                  424 Oakley Dr,
                  ",Clayton,MO,63105,"2,953",5,2
222,Condo/Townhome,"$299,000","
                  701 S Skinker Blvd Unit 301,
                  ",Saint Louis,MO,63105,"2,500",3,2
223,House for Sale,"$4,250,000","
                  120 Linden Ave,
                  ",Clayton,MO,63105,"5,469",4,5.5+
224,House for Sale,"$449,000","
                  7001 Northmoor Dr,
                  ",Saint Louis,MO,63105,"2,276",3,2.5+
225,Condo/Townhome,"$319,000","
                  709 S Skinker Blvd Apt 701,
                  ",Saint Louis,MO,63105,"2,500",3,2.5
226,House for Sale,"$799,000","
                  474 Edgewood Dr,
                  ",Saint Louis,MO,63105,"2,655",3,2.5
227,Condo/Townhome,"$249,000","
                  900 S Hanley Rd Apt 6A,
                  ",Clayton,MO,63105,"1,963",2,2
228,House for Sale,"$1,325,000","
                  47 Ridgemoor Dr,
                  ",Clayton,MO,63105,"4,295",4,3.5+
229,House for Sale,"$1,500,000","
                  22 Southmoor Dr,
                  ",Clayton,MO,63105,"4,297",5,3.5+
230,House for Sale,"$1,125,000","
                  901 S Bemiston Ave,
                  ",Clayton,MO,63105,"3,754",5,3.5+
231,House for Sale,"$455,000","
                  7123 Northmoor Dr,
                  ",Saint Louis,MO,63105,"2,488",3,2.5
232,House for Sale,"$380,000","
                  7268 Northmoor Dr,
                  ",Saint Louis,MO,63105,"1,908",3,2.5
233,House for Sale,"$699,000","
                  7275 Forsyth Blvd,
                  ",Saint Louis,MO,63105,"2,568",4,3.5
234,House for Sale,"$345,000","
                  7529 Wellington Way Unit 3,
                  ",Clayton,MO,63105,"1,770",3,2
235,Condo/Townhome,"$324,900","
                  250 S Brentwood Blvd Apt 3B,
                  ",Clayton,MO,63105,"1,971",3,2.5
236,Condo/Townhome,"$349,000","
                  900 S Hanley Rd Apt 9D,
                  ",Saint Louis,MO,63105,"2,025",3,2.5
237,House for Sale,"$1,495,000","
                  228 Gay Ave,
                  ",Clayton,MO,63105,"3,854",2,3.5
238,House for Sale,"$1,450,000","
                  27 Crestwood Dr,
                  ",Saint Louis,MO,63105,"4,946",5,5
239,Condo/Townhome,"$189,900","
                  900 S Hanley Rd Apt 7D,
                  ",Saint Louis,MO,63105,"1,566",2,2
240,Condo/Townhome,"$349,900","
                  6239 Rosebury Ave Apt 3E,
                  ",Saint Louis,MO,63105,"1,680",2,2
241,House for Sale,"$625,000","
                  421 Edgewood Dr,
                  ",Saint Louis,MO,63105,"2,663",4,2.5
242,House for Sale,"$949,900","
                  85 Aberdeen Pl,
                  ",Clayton,MO,63105,"3,259",4,3.5
243,House for Sale,"$799,900","
                  616 S Meramec Ave,
                  ",Saint Louis,MO,63105,"2,531",4,3.5
244,House for Sale,"$760,000","
                  7640 Walinca Ter,
                  ",Saint Louis,MO,63105,"2,712",4,3.5
245,Condo/Townhome,"$239,900","
                  900 S Hanley Rd Apt 8C,
                  ",Clayton,MO,63105,"1,653",2,2
246,Condo/Townhome,"$169,000","
                  7569 Buckingham Dr Apt 6,
                  ",Clayton,MO,63105,808,2,2
247,House for Sale,"$819,000","
                  7445 Cromwell Dr,
                  ",Saint Louis,MO,63105,"3,287",4,2.5
248,Condo/Townhome,"$237,500","
                  907 S Hanley Rd Apt 3,
                  ",Saint Louis,MO,63105,"1,330",3,2
249,Condo/Townhome,"$224,900","
                  7544 York Dr Apt 2W,
                  ",Saint Louis,MO,63105,"1,369",2,1.5
250,Condo/Townhome,"$795,000","
                  8025 Maryland Ave Unit 5E,
                  ",Saint Louis,MO,63105,"1,832",2,2.5
251,Condo/Townhome,"$799,900","
                  23 Topton Way Apt 2C,
                  ",Clayton,MO,63105,"2,307",2,2.5
252,Condo/Townhome,"$359,000","
                  750 S Hanley Rd Apt 230,
                  ",Clayton,MO,63105,"1,262",2,2
253,Condo/Townhome,"$1,329,000","
                  155 Carondelet Plz Unit 607,
                  ",Clayton,MO,63105,"2,932",2,2.5
254,Condo/Townhome,"$132,900","
                  7569 Buckingham Dr Apt 3,
                  ",Saint Louis,MO,63105,610,1,1
255,Condo/Townhome,"$875,000","
                  60 Brighton Way Apt 2S,
                  ",Clayton,MO,63105,"2,350",2,2.5
256,Condo/Townhome,"$2,350,000","
                  800 S Hanley Rd Apt 8D,
                  ",Clayton,MO,63105,"4,924",4,4.5+
257,Condo/Townhome,"$265,000","
                  7739 Kingsbury Blvd Unit 32,
                  ",Saint Louis,MO,63105,916,2,2
258,Condo/Townhome,"$798,800","
                  303 N Central Ave Unit 2B,
                  ",Saint Louis,MO,63105,"2,630",3,2.5
259,House for Sale,"$794,900","
                  8025 Orlando Dr,
                  ",Saint Louis,MO,63105,"2,780",4,2.5+
260,Condo/Townhome,"$750,000","
                  8025 Maryland Ave Unit 2B,
                  ",Clayton,MO,63105,"1,620",3,2.5
261,Condo/Townhome,"$485,000","
                  801 S Skinker Blvd Apt 5B,
                  ",Saint Louis,MO,63105,"1,709",3,2
262,Condo/Townhome,"$699,000","
                  750 S Hanley Rd Apt 60,
                  ",Clayton,MO,63105,"2,647",2,2.5
263,Condo/Townhome,"$675,000","
                  8025 Maryland Ave Unit 7D,
                  ",Clayton,MO,63105,"1,410",2,2
264,House for Sale,"$110,000","
                  105 S Hartnett Ave,
                  ",Ferguson,MO,63135,"1,235",3,1
265,House for Sale,"$38,250","
                  1349 Lang Dr,
                  ",Saint Louis,MO,63135,"1,202",3,1
266,House for Sale,"$70,000","
                  1038 Highmont Dr,
                  ",Ferguson,MO,63135,960,3,1
267,House for Sale,"$95,000","
                  7825 Tuxedo Ct,
                  ",Saint Louis,MO,63135,884,3,1
268,House for Sale,"$125,000","
                  12 Young Dr,
                  ",Saint Louis,MO,63135,936,3,2
269,House for Sale,"$69,900","
                  111 Spring Ave,
                  ",Saint Louis,MO,63135,"1,008",2,1
270,House for Sale,"$31,000","
                  9 S Hartnett Ave,
                  ",Saint Louis,MO,63135,872,2,1
271,House for Sale,"$60,000","
                  1 Raymar Pl,
                  ",Saint Louis,MO,63135,"1,174",2,1
272,House for Sale,"$149,900","
                  1430 N Elizabeth Ave,
                  ",Saint Louis,MO,63135,"1,960",2,1
273,House for Sale,"$24,900","
                  320 Millman Dr,
                  ",Saint Louis,MO,63135,848,2,1
274,House for Sale,"$149,900","
                  12 Shireford Ln,
                  ",Saint Louis,MO,63135,"1,416",3,3
275,House for Sale,"$17,999","
                  843 Carson Rd,
                  ",Saint Louis,MO,63135,784,2,1
276,House for Sale,"$52,500","
                  7511 Rowles Ave,
                  ",Saint Louis,MO,63135,888,2,1
277,House for Sale,"$85,900","
                  301 S Clark Ave,
                  ",Saint Louis,MO,63135,"1,050",2,1
278,House for Sale,"$64,900","
                  610 Chambers Rd,
                  ",Ferguson,MO,63135,936,2,1
279,House for Sale,"$119,900","
                  218 N Elizabeth Ave,
                  ",Saint Louis,MO,63135,"1,416",3,1.5
280,House for Sale,"$110,000","
                  1367 Highmont Dr,
                  ",Saint Louis,MO,63135,975,3,1.5
281,House for Sale,"$119,900","
                  8438 Brotherton Ln,
                  ",Saint Louis,MO,63135,"1,044",3,1
282,House for Sale,"$52,500","
                  7505 Rowles Ave,
                  ",Saint Louis,MO,63135,912,2,1
283,House for Sale,"$28,400","
                  615 Derinda Ave,
                  ",Saint Louis,MO,63135,"1,086",2,1
284,House for Sale,"$40,000","
                  241 Reasor Dr,
                  ",Saint Louis,MO,63135,816,2,2
285,House for Sale,"$50,000","
                  701 Pemberton Pl,
                  ",Saint Louis,MO,63135,725,3,1
286,House for Sale,"$38,900","
                  124 Anabel Ave,
                  ",Saint Louis,MO,63135,"1,056",4,1
287,House for Sale,"$24,900","
                  115 N Clay Ave,
                  ",Saint Louis,MO,63135,"1,664",3,2
288,House for Sale,"$99,000","
                  333 S Elizabeth Ave,
                  ",Ferguson,MO,63135,"1,047",2,2
289,House for Sale,"$274,900","
                  153 S Clay Ave,
                  ",Ferguson,MO,63135,"3,060",4,2
290,Condo/Townhome,"$134,000","
                  1307 Chapleton Dr,
                  ",Saint Louis,MO,63135,"1,154",2,2
291,House for Sale,"$214,900","
                  609 Chartier Dr,
                  ",Saint Louis,MO,63135,"2,692",5,3.5
292,House for Sale,"$70,000","
                  404 Harrison Ave,
                  ",Ferguson,MO,63135,"1,904",5,2
293,House for Sale,"$89,900","
                  339 Wedge Dr,
                  ",Saint Louis,MO,63135,"1,230",3,2
294,House for Sale,"$84,900","
                  808 Risdon Dr,
                  ",Saint Louis,MO,63135,"1,302",3,1
295,House for Sale,"$28,000","
                  225 Rand Dr,
                  ",Saint Louis,MO,63135,900,2,1
296,House for Sale,"$35,000","
                  248 Connolly Dr,
                  ",Saint Louis,MO,63135,936,3,1
297,House for Sale,"$59,999","
                  23 Patricia Ave,
                  ",Saint Louis,MO,63135,962,2,1
298,House for Sale,"$100,000","
                  940 Highmont Dr,
                  ",Saint Louis,MO,63135,"1,096",3,2
299,House for Sale,"$74,900","
                  216 Roberta Ave,
                  ",Saint Louis,MO,63135,"1,943",4,2
300,House for Sale,"$19,900","
                  6124 Bermuda Dr,
                  ",Saint Louis,MO,63135,"1,467",2,2
301,House for Sale,"$22,000","
                  70 Reasor Dr,
                  ",Saint Louis,MO,63135,944,2,1
302,House for Sale,"$62,000","
                  217 Wedge Dr,
                  ",Saint Louis,MO,63135,"1,274",3,1
303,House for Sale,"$89,900","
                  3 Bromley Dr,
                  ",Saint Louis,MO,63135,"1,080",3,1
304,House for Sale,"$44,900","
                  830 N Florissant Rd,
                  ",Saint Louis,MO,63135,968,3,1
305,House for Sale,"$37,000","
                  103 Connolly Dr,
                  ",Saint Louis,MO,63135,616,2,1
306,House for Sale,"$89,900","
                  404 Thoroughman Ave,
                  ",Saint Louis,MO,63135,986,2,1
307,House for Sale,"$59,900","
                  339 Gage Dr,
                  ",Saint Louis,MO,63135,875,2,1
308,House for Sale,"$110,000","
                  105 S Hartnett Ave,
                  ",Ferguson,MO,63135,"1,235",3,1
309,House for Sale,"$70,000","
                  1038 Highmont Dr,
                  ",Ferguson,MO,63135,960,3,1
310,House for Sale,"$38,250","
                  1349 Lang Dr,
                  ",Saint Louis,MO,63135,"1,202",3,1
311,House for Sale,"$95,000","
                  7825 Tuxedo Ct,
                  ",Saint Louis,MO,63135,884,3,1
312,House for Sale,"$69,900","
                  111 Spring Ave,
                  ",Saint Louis,MO,63135,"1,008",2,1
313,House for Sale,"$125,000","
                  12 Young Dr,
                  ",Saint Louis,MO,63135,936,3,2
314,House for Sale,"$31,000","
                  9 S Hartnett Ave,
                  ",Saint Louis,MO,63135,872,2,1
315,House for Sale,"$149,900","
                  1430 N Elizabeth Ave,
                  ",Saint Louis,MO,63135,"1,960",2,1
316,House for Sale,"$60,000","
                  1 Raymar Pl,
                  ",Saint Louis,MO,63135,"1,174",2,1
317,House for Sale,"$24,900","
                  320 Millman Dr,
                  ",Saint Louis,MO,63135,848,2,1
318,House for Sale,"$149,900","
                  12 Shireford Ln,
                  ",Saint Louis,MO,63135,"1,416",3,3
319,House for Sale,"$17,999","
                  843 Carson Rd,
                  ",Saint Louis,MO,63135,784,2,1
320,House for Sale,"$85,900","
                  301 S Clark Ave,
                  ",Saint Louis,MO,63135,"1,050",2,1
321,House for Sale,"$64,900","
                  610 Chambers Rd,
                  ",Ferguson,MO,63135,936,2,1
322,House for Sale,"$52,500","
                  7511 Rowles Ave,
                  ",Saint Louis,MO,63135,888,2,1
323,House for Sale,"$28,400","
                  615 Derinda Ave,
                  ",Saint Louis,MO,63135,"1,086",2,1
324,Condo/Townhome,"$134,000","
                  1307 Chapleton Dr,
                  ",Saint Louis,MO,63135,"1,154",2,2
325,House for Sale,"$52,500","
                  7505 Rowles Ave,
                  ",Saint Louis,MO,63135,912,2,1
326,House for Sale,"$119,900","
                  218 N Elizabeth Ave,
                  ",Saint Louis,MO,63135,"1,416",3,1.5
327,House for Sale,"$119,900","
                  8438 Brotherton Ln,
                  ",Saint Louis,MO,63135,"1,044",3,1
328,House for Sale,"$38,900","
                  124 Anabel Ave,
                  ",Saint Louis,MO,63135,"1,056",4,1
329,House for Sale,"$99,000","
                  333 S Elizabeth Ave,
                  ",Ferguson,MO,63135,"1,047",2,2
330,House for Sale,"$110,000","
                  1367 Highmont Dr,
                  ",Saint Louis,MO,63135,975,3,1.5
331,House for Sale,"$50,000","
                  701 Pemberton Pl,
                  ",Saint Louis,MO,63135,725,3,1
332,House for Sale,"$40,000","
                  241 Reasor Dr,
                  ",Saint Louis,MO,63135,816,2,2
333,House for Sale,"$274,900","
                  153 S Clay Ave,
                  ",Ferguson,MO,63135,"3,060",4,2
334,House for Sale,"$70,000","
                  404 Harrison Ave,
                  ",Ferguson,MO,63135,"1,904",5,2
335,House for Sale,"$84,900","
                  808 Risdon Dr,
                  ",Saint Louis,MO,63135,"1,302",3,1
336,House for Sale,"$214,900","
                  609 Chartier Dr,
                  ",Saint Louis,MO,63135,"2,692",5,3.5
337,House for Sale,"$59,999","
                  23 Patricia Ave,
                  ",Saint Louis,MO,63135,962,2,1
338,House for Sale,"$19,900","
                  6124 Bermuda Dr,
                  ",Saint Louis,MO,63135,"1,467",2,2
339,House for Sale,"$89,900","
                  339 Wedge Dr,
                  ",Saint Louis,MO,63135,"1,230",3,2
340,House for Sale,"$85,000","
                  707 Darst Rd,
                  ",Saint Louis,MO,63135,"1,320",2,1
341,House for Sale,"$100,000","
                  940 Highmont Dr,
                  ",Saint Louis,MO,63135,"1,096",3,2
342,House for Sale,"$55,900","
                  510 Millman Dr,
                  ",Saint Louis,MO,63135,840,2,1.5
343,House for Sale,"$74,900","
                  216 Roberta Ave,
                  ",Saint Louis,MO,63135,"1,943",4,2
344,House for Sale,"$44,900","
                  830 N Florissant Rd,
                  ",Saint Louis,MO,63135,968,3,1
345,House for Sale,"$62,000","
                  217 Wedge Dr,
                  ",Saint Louis,MO,63135,"1,274",3,1
346,House for Sale,"$99,000","
                  6158 Bermuda Dr,
                  ",Saint Louis,MO,63135,"1,378",3,2.5
347,House for Sale,"$89,900","
                  404 Thoroughman Ave,
                  ",Saint Louis,MO,63135,986,2,1
348,House for Sale,"$59,900","
                  339 Gage Dr,
                  ",Saint Louis,MO,63135,875,2,1
349,House for Sale,"$63,900","
                  330 Coppinger Dr,
                  ",Saint Louis,MO,63135,"1,054",2,1
350,House for Sale,"$21,500","
                  222 Henquin Dr,
                  ",Saint Louis,MO,63135,816,2,1
351,House for Sale,"$21,500","
                  7473 Halpin Dr,
                  ",Saint Louis,MO,63135,832,3,1
352,House for Sale,"$100,000","
                  29 N Marguerite Ave,
                  ",Ferguson,MO,63135,"1,550",3,2.5
353,House for Sale,"$130,000","
                  43 S Elizabeth Ave,
                  ",Saint Louis,MO,63135,"1,514",3,2
354,House for Sale,"$69,900","
                  205 Tiffin Ave,
                  ",Saint Louis,MO,63135,"2,636",4,3
355,House for Sale,"$119,500","
                  423 Tiffin Ave,
                  ",Saint Louis,MO,63135,"1,702",3,2
356,House for Sale,"$24,900","
                  115 N Clay Ave,
                  ",Saint Louis,MO,63135,"1,664",3,2
357,House for Sale,"$139,900","
                  217 Carson Rd,
                  ",Ferguson,MO,63135,"2,220",4,2
358,House for Sale,"$198,500","
                  401 Adams St,
                  ",Ferguson,MO,63135,"2,076",4,3
359,House for Sale,"$28,000","
                  225 Rand Dr,
                  ",Saint Louis,MO,63135,900,2,1
360,House for Sale,"$169,900","
                  1533 Knollstone Dr,
                  ",Saint Louis,MO,63135,"2,010",5,3
361,House for Sale,"$209,900","
                  1117 Stein Rd,
                  ",Ferguson,MO,63135,"2,264",4,2.5
362,House for Sale,"$35,000","
                  248 Connolly Dr,
                  ",Saint Louis,MO,63135,936,3,1
363,House for Sale,"$26,900","
                  38 Bayview Ct,
                  ",Saint Louis,MO,63135,972,3,1
364,Multi-Family Home,"$149,900","
                  442 Warford Ave,
                  ",Saint Louis,MO,63135,"2,090",6,2.5+
365,House for Sale,"$304,000","
                  1225 N Elizabeth Ave,
                  ",Saint Louis,MO,63135,"3,271",5,4.5
366,House for Sale,"$89,900","
                  3 Bromley Dr,
                  ",Saint Louis,MO,63135,"1,080",3,1
367,House for Sale,"$200,000","
                  429 Wesley Ave,
                  ",Saint Louis,MO,63135,"2,800",4,2
368,House for Sale,"$134,500","
                  18 N Maple Ave,
                  ",Ferguson,MO,63135,"1,972",4,1.5
369,House for Sale,"$78,900","
                  920 Buckeye Dr,
                  ",Saint Louis,MO,63135,"1,092",3,1.5
370,House for Sale,"$125,000","
                  900 Hentschel Pl,
                  ",Saint Louis,MO,63135,"1,288",3,2
371,House for Sale,"$35,000",NA,Saint Louis,MO,63135,975,3,1
372,House for Sale,"$22,000","
                  70 Reasor Dr,
                  ",Saint Louis,MO,63135,944,2,1
373,House for Sale,"$97,000","
                  214 Moundale Dr,
                  ",Saint Louis,MO,63135,"1,179",2,1
374,House for Sale,"$259,900","
                  1267 Chateau Woods Dr,
                  ",Ferguson,MO,63135,"2,930",3,3.5
375,House for Sale,"$95,000","
                  926 Drummond Dr,
                  ",Saint Louis,MO,63135,"1,337",3,2
376,House for Sale,"$131,900","
                  128 Adelle Ave,
                  ",Saint Louis,MO,63135,"1,490",3,1.5
377,House for Sale,"$59,900","
                  41 Vierling Dr,
                  ",Saint Louis,MO,63135,768,2,1
378,Condo/Townhome,"$135,000","
                  1315 Chapleton Dr,
                  ",Ferguson,MO,63135,"1,154",2,3
379,House for Sale,"$85,000","
                  1405 N Florissant Rd,
                  ",Saint Louis,MO,63135,"1,151",3,2
380,House for Sale,"$37,000","
                  103 Connolly Dr,
                  ",Saint Louis,MO,63135,616,2,1
381,House for Sale,"$199,900","
                  414 Wesley Ave,
                  ",Saint Louis,MO,63135,"2,435",3,1.5
382,House for Sale,"$189,500","
                  19 Lake Pembroke Dr,
                  ",Ferguson,MO,63135,"1,770",3,2.5
383,House for Sale,"$59,000","
                  13 Cady Dr,
                  ",Saint Louis,MO,63135,"1,241",2,1
384,House for Sale,"$78,500","
                  723 N Florissant Rd,
                  ",Saint Louis,MO,63135,"1,531",3,1
385,House for Sale,"$69,900","
                  649 Robert Ave,
                  ",Ferguson,MO,63135,"1,180",3,1
386,House for Sale,"$21,000","
                  621 Ferguson Ave,
                  ",Saint Louis,MO,63135,848,2,1
387,House for Sale,"$15,000","
                  705 Marvin Ave,
                  ",Saint Louis,MO,63135,"1,036",2,1
388,House for Sale,"$17,500","
                  402 Plaza Ave,
                  ",Saint Louis,MO,63135,750,2,1
389,Multi-Family Home,"$31,500","
                  16 N Dade Ave,
                  ",Saint Louis,MO,63135,"2,218",2,2
390,House for Sale,"$70,000","
                  427 Thomas Ave,
                  ",Saint Louis,MO,63135,"1,066",2,1
391,House for Sale,"$69,900","
                  127 Anistasia Dr,
                  ",Saint Louis,MO,63135,768,3,1
392,House for Sale,"$31,000","
                  454 S Dade Ave,
                  ",Saint Louis,MO,63135,763,2,1
393,House for Sale,"$49,900","
                  118 Connolly Dr,
                  ",Saint Louis,MO,63135,"1,040",3,1
394,House for Sale,"$40,000","
                  5 Bayview Dr,
                  ",Saint Louis,MO,63135,"1,276",3,1
395,House for Sale,"$33,900","
                  341 S Dade Ave,
                  ",Saint Louis,MO,63135,672,2,1
396,House for Sale,"$1,850,000","
                  731 Laurel Oak Dr,
                  ",Frontenac,MO,63131,"5,545",4,4.5+
397,House for Sale,"$389,900","
                  2116 East Dr,
                  ",Crystal Lake Park,MO,63131,"1,780",3,2.5
398,House for Sale,"$314,900","
                  2314 Putter Ln,
                  ",Crystal Lake Park,MO,63131,"2,090",3,3
399,House for Sale,"$1,249,000","
                  12001 Wiltshire Place Ct,
                  ",Saint Louis,MO,63131,"4,516",5,3.5+
400,House for Sale,"$899,900","
                  12805 Topping Woods Ests,
                  ",Town and Country,MO,63131,"3,300",4,4.5+
401,House for Sale,"$1,185,000","
                  4 Terry Hill Ln,
                  ",Saint Louis,MO,63131,"4,274",5,4.5
402,House for Sale,"$545,000","
                  118 Frontenac Forest St,
                  ",Frontenac,MO,63131,"3,600",4,4.5
403,House for Sale,"$1,499,000","
                  10 W Geyer Ln,
                  ",Saint Louis,MO,63131,"4,995",5,4.5
404,House for Sale,"$1,895,000","
                  2524 Bopp Rd,
                  ",Town and Country,MO,63131,"4,915",4,5.5+
405,House for Sale,"$4,898,000","
                  4 Lochinvar Dr,
                  ",Saint Louis,MO,63131,"9,197",7,6.5+
406,House for Sale,"$450,000","
                  13337 Kenroyal Dr,
                  ",Saint Louis,MO,63131,"2,916",4,3.5
407,House for Sale,"$374,900","
                  2105 Bonroyal Dr,
                  ",Saint Louis,MO,63131,"2,256",4,3
408,House for Sale,"$499,000","
                  12 Westfield Ln,
                  ",Saint Louis,MO,63131,"2,627",3,2
409,House for Sale,"$410,000","
                  2283 Fairoyal Dr,
                  ",Saint Louis,MO,63131,"2,359",3,2.5
410,House for Sale,"$1,299,000","
                  12808 Tundra Ct,
                  ",Town and Country,MO,63131,"4,162",5,3.5+
411,House for Sale,"$1,550,000","
                  11629 Conway Rd,
                  ",Westwood,MO,63131,"4,320",4,3.5
412,House for Sale,"$1,050,000","
                  1215 Tammany Ln,
                  ",Town and Country,MO,63131,"5,747",5,4.5+
413,House for Sale,"$345,000","
                  1134 Bopp Rd,
                  ",Des Peres,MO,63131,"1,674",4,2
414,House for Sale,"$565,000","
                  1216 Paloma Dr,
                  ",Town and Country,MO,63131,"3,058",4,4
415,House for Sale,"$479,900","
                  11928 Bedford Dr,
                  ",Crystal Lake Park,MO,63131,"2,064",4,3.5
416,House for Sale,"$464,500","
                  2322 Hollyhead Dr,
                  ",Des Peres,MO,63131,"2,336",4,2.5+
417,House for Sale,"$675,000","
                  10423 Garibaldi Pl,
                  ",Saint Louis,MO,63131,"3,174",4,3.5
418,House for Sale,"$538,000","
                  19 W Point Ln,
                  ",Saint Louis,MO,63131,"2,586",4,3.5
419,House for Sale,"$465,000","
                  762 Oak Valley Dr,
                  ",Des Peres,MO,63131,"1,734",3,2
420,House for Sale,"$429,000","
                  12943 Pingry Pl,
                  ",Saint Louis,MO,63131,"2,580",3,3.5
421,House for Sale,"$1,999,999","
                  23 Brookwood Rd,
                  ",Saint Louis,MO,63131,"7,455",5,5.5+
422,House for Sale,"$1,550,000","
                  7 Fox Run Ln,
                  ",Frontenac,MO,63131,"4,930",5,5.5+
423,House for Sale,"$1,485,000","
                  515 Timberwyck Dr,
                  ",Saint Louis,MO,63131,"5,340",5,3.5+
424,House for Sale,"$350,000","
                  11928 Amherst Dr,
                  ",Saint Louis,MO,63131,"1,678",3,2
425,House for Sale,"$575,000","
                  11954 Country Club Dr,
                  ",Saint Louis,MO,63131,"2,800",4,3.5
426,House for Sale,"$750,000","
                  1509 Woodgate Dr,
                  ",Saint Louis,MO,63131,"3,602",4,4.5
427,House for Sale,"$699,900","
                  11915 Clayton Rd,
                  ",Town and Country,MO,63131,"3,233",4,3.5
428,House for Sale,"$999,000","
                  11710 Serama Dr,
                  ",Saint Louis,MO,63131,"4,126",4,3.5
429,House for Sale,"$799,000","
                  1100 Conwyck Ln,
                  ",Frontenac,MO,63131,"3,270",5,3.5
430,House for Sale,"$665,000","
                  2530 N Geyer Rd,
                  ",Frontenac,MO,63131,"2,484",4,2.5
431,House for Sale,"$1,295,000","
                  2747 Turnberry Park Dr,
                  ",Town and Country,MO,63131,"4,591",5,4.5+
432,House for Sale,"$1,800,000","
                  11445 Conway Rd,
                  ",Saint Louis,MO,63131,"5,383",4,4.5+
433,House for Sale,"$699,000","
                  515 High Meadow Rd,
                  ",Frontenac,MO,63131,"2,950",5,3.5
434,House for Sale,"$695,000","
                  17 Westwood Country Clb,
                  ",Westwood,MO,63131,"2,756",3,3
435,Condo/Townhome,"$899,900","
                  6-At Frontenac Lot Arbors,
                  ",Frontenac,MO,63131,"3,411",3,3.5
436,Condo/Townhome,"$849,900","
                  1327 Cordata Dr,
                  ",Frontenac,MO,63131,"2,080",2,2.5
437,House for Sale,"$869,000","
                  12442 Ridgefield Dr,
                  ",Saint Louis,MO,63131,"3,180",5,4.5
438,Condo/Townhome,"$849,900","
                  1329 Cordata Dr,
                  ",Frontenac,MO,63131,"2,080",3,3
439,Land,"$725,000","
                  3 W Geyer Ln,
                  ",Saint Louis,MO,63131,0,1.16,0
440,House for Sale,"$1,850,000","
                  731 Laurel Oak Dr,
                  ",Frontenac,MO,63131,"5,545",4,4.5+
441,House for Sale,"$389,900","
                  2116 East Dr,
                  ",Crystal Lake Park,MO,63131,"1,780",3,2.5
442,House for Sale,"$314,900","
                  2314 Putter Ln,
                  ",Crystal Lake Park,MO,63131,"2,090",3,3
443,House for Sale,"$1,249,000","
                  12001 Wiltshire Place Ct,
                  ",Saint Louis,MO,63131,"4,516",5,3.5+
444,House for Sale,"$899,900","
                  12805 Topping Woods Ests,
                  ",Town and Country,MO,63131,"3,300",4,4.5+
445,House for Sale,"$1,185,000","
                  4 Terry Hill Ln,
                  ",Saint Louis,MO,63131,"4,274",5,4.5
446,House for Sale,"$545,000","
                  118 Frontenac Forest St,
                  ",Frontenac,MO,63131,"3,600",4,4.5
447,House for Sale,"$1,499,000","
                  10 W Geyer Ln,
                  ",Saint Louis,MO,63131,"4,995",5,4.5
448,House for Sale,"$1,895,000","
                  2524 Bopp Rd,
                  ",Town and Country,MO,63131,"4,915",4,5.5+
449,House for Sale,"$4,898,000","
                  4 Lochinvar Dr,
                  ",Saint Louis,MO,63131,"9,197",7,6.5+
450,House for Sale,"$450,000","
                  13337 Kenroyal Dr,
                  ",Saint Louis,MO,63131,"2,916",4,3.5
451,House for Sale,"$374,900","
                  2105 Bonroyal Dr,
                  ",Saint Louis,MO,63131,"2,256",4,3
452,House for Sale,"$499,000","
                  12 Westfield Ln,
                  ",Saint Louis,MO,63131,"2,627",3,2
453,House for Sale,"$410,000","
                  2283 Fairoyal Dr,
                  ",Saint Louis,MO,63131,"2,359",3,2.5
454,House for Sale,"$1,299,000","
                  12808 Tundra Ct,
                  ",Town and Country,MO,63131,"4,162",5,3.5+
455,House for Sale,"$1,550,000","
                  11629 Conway Rd,
                  ",Westwood,MO,63131,"4,320",4,3.5
456,House for Sale,"$1,050,000","
                  1215 Tammany Ln,
                  ",Town and Country,MO,63131,"5,747",5,4.5+
457,House for Sale,"$345,000","
                  1134 Bopp Rd,
                  ",Des Peres,MO,63131,"1,674",4,2
458,House for Sale,"$565,000","
                  1216 Paloma Dr,
                  ",Town and Country,MO,63131,"3,058",4,4
459,House for Sale,"$479,900","
                  11928 Bedford Dr,
                  ",Crystal Lake Park,MO,63131,"2,064",4,3.5
460,House for Sale,"$464,500","
                  2322 Hollyhead Dr,
                  ",Des Peres,MO,63131,"2,336",4,2.5+
461,House for Sale,"$675,000","
                  10423 Garibaldi Pl,
                  ",Saint Louis,MO,63131,"3,174",4,3.5
462,House for Sale,"$538,000","
                  19 W Point Ln,
                  ",Saint Louis,MO,63131,"2,586",4,3.5
463,House for Sale,"$465,000","
                  762 Oak Valley Dr,
                  ",Des Peres,MO,63131,"1,734",3,2
464,House for Sale,"$429,000","
                  12943 Pingry Pl,
                  ",Saint Louis,MO,63131,"2,580",3,3.5
465,House for Sale,"$1,999,999","
                  23 Brookwood Rd,
                  ",Saint Louis,MO,63131,"7,455",5,5.5+
466,House for Sale,"$1,550,000","
                  7 Fox Run Ln,
                  ",Frontenac,MO,63131,"4,930",5,5.5+
467,House for Sale,"$1,485,000","
                  515 Timberwyck Dr,
                  ",Saint Louis,MO,63131,"5,340",5,3.5+
468,House for Sale,"$350,000","
                  11928 Amherst Dr,
                  ",Saint Louis,MO,63131,"1,678",3,2
469,House for Sale,"$575,000","
                  11954 Country Club Dr,
                  ",Saint Louis,MO,63131,"2,800",4,3.5
470,House for Sale,"$750,000","
                  1509 Woodgate Dr,
                  ",Saint Louis,MO,63131,"3,602",4,4.5
471,House for Sale,"$699,900","
                  11915 Clayton Rd,
                  ",Town and Country,MO,63131,"3,233",4,3.5
472,House for Sale,"$999,000","
                  11710 Serama Dr,
                  ",Saint Louis,MO,63131,"4,126",4,3.5
473,House for Sale,"$799,000","
                  1100 Conwyck Ln,
                  ",Frontenac,MO,63131,"3,270",5,3.5
474,House for Sale,"$665,000","
                  2530 N Geyer Rd,
                  ",Frontenac,MO,63131,"2,484",4,2.5
475,House for Sale,"$1,295,000","
                  2747 Turnberry Park Dr,
                  ",Town and Country,MO,63131,"4,591",5,4.5+
476,House for Sale,"$1,800,000","
                  11445 Conway Rd,
                  ",Saint Louis,MO,63131,"5,383",4,4.5+
477,House for Sale,"$699,000","
                  515 High Meadow Rd,
                  ",Frontenac,MO,63131,"2,950",5,3.5
478,House for Sale,"$695,000","
                  17 Westwood Country Clb,
                  ",Westwood,MO,63131,"2,756",3,3
479,Condo/Townhome,"$899,900","
                  6-At Frontenac Lot Arbors,
                  ",Frontenac,MO,63131,"3,411",3,3.5
480,Condo/Townhome,"$849,900","
                  1327 Cordata Dr,
                  ",Frontenac,MO,63131,"2,080",2,2.5
481,House for Sale,"$869,000","
                  12442 Ridgefield Dr,
                  ",Saint Louis,MO,63131,"3,180",5,4.5
482,Condo/Townhome,"$849,900","
                  1329 Cordata Dr,
                  ",Frontenac,MO,63131,"2,080",3,3
483,Land,"$725,000","
                  3 W Geyer Ln,
                  ",Saint Louis,MO,63131,0,1.16,0
484,House for Sale,"$555,000","
                  12145 Saint Clement Ln,
                  ",Des Peres,MO,63131,"2,030",4,3.5
485,Condo/Townhome,"$199,900","
                  1114 S Mason Rd,
                  ",Town and Country,MO,63131,"1,196",3,2
486,House for Sale,"$699,000","
                  12152 Montour Dr,
                  ",Des Peres,MO,63131,"3,386",5,3.5+
487,House for Sale,"$442,000","
                  2346 Fairoyal Dr,
                  ",Des Peres,MO,63131,"2,563",4,2.5
488,House for Sale,"$460,000","
                  12930 Briar Fork Rd,
                  ",Des Peres,MO,63131,"2,256",4,3.5
489,House for Sale,"$399,900","
                  1442 Lawnwood Dr,
                  ",Saint Louis,MO,63131,"2,048",3,2
490,House for Sale,"$1,495,000","
                  2918 Fairborn Pl,
                  ",Town and Country,MO,63131,"5,530",4,4.5+
491,House for Sale,"$515,000","
                  10357 Capitol Pl,
                  ",Frontenac,MO,63131,"2,730",3,3
492,House for Sale,"$675,000","
                  12359 Ironstone Rd,
                  ",Des Peres,MO,63131,"3,483",4,3
493,House for Sale,"$1,049,000","
                  2554 Oak Springs Ln,
                  ",Town and Country,MO,63131,"3,118",6,4.5
494,House for Sale,"$985,000","
                  12825 Dubon Ln,
                  ",Town and Country,MO,63131,"4,056",6,4.5
495,House for Sale,"$1,900,000","
                  4 Deacon Dr,
                  ",Huntleigh,MO,63131,"7,270",6,6.5
496,House for Sale,"$835,000","
                  1688 Frontenac Woods Ln,
                  ",Frontenac,MO,63131,"3,398",4,4.5
497,House for Sale,"$849,900","
                  1 Country Aire Dr,
                  ",Saint Louis,MO,63131,"3,736",4,3.5+
498,House for Sale,"$1,285,000","
                  12820 Topping Woods Estate Dr,
                  ",Saint Louis,MO,63131,"4,719",6,5.5+
499,House for Sale,"$695,000","
                  12963 Woodlark Ln,
                  ",Town and Country,MO,63131,"4,524",5,4.5
500,House for Sale,"$474,900","
                  12999 Pingry Pl,
                  ",Saint Louis,MO,63131,"2,039",5,4
501,House for Sale,"$539,000","
                  2209 N Ballas Rd,
                  ",Saint Louis,MO,63131,"2,785",4,3.5
502,House for Sale,"$357,000","
                  2316 Divot Dr,
                  ",Crystal Lake Park,MO,63131,"1,662",3,1.5
503,House for Sale,"$745,000","
                  13523 Featherstone Dr,
                  ",Saint Louis,MO,63131,"4,482",5,4.5
504,House for Sale,"$869,000","
                  3038 Westham Dr,
                  ",Saint Louis,MO,63131,"3,530",4,4.5
505,House for Sale,"$1,995,000","
                  6 Indian Creek Ln,
                  ",Frontenac,MO,63131,"9,518",5,5.5+
506,House for Sale,"$779,000","
                  4 Jaccard Ln,
                  ",Saint Louis,MO,63131,"3,262",4,3.5
507,House for Sale,"$1,495,000","
                  4 Denny Ln,
                  ",Saint Louis,MO,63131,3.62,0,100
508,House for Sale,"$638,000","
                  10406 Savannah Ave,
                  ",Frontenac,MO,63131,"2,598",4,3.5
509,House for Sale,"$1,299,000","
                  12247 Carberry Pl,
                  ",Saint Louis,MO,63131,"5,028",5,3.5+
510,House for Sale,"$1,900,000","
                  6 Rutherford Ln,
                  ",Saint Louis,MO,63131,"5,178",5,4.5+
511,House for Sale,"$1,550,000","
                  1109 Wheaton Hill Ct,
                  ",Town and Country,MO,63131,"4,632",5,4.5+
512,House for Sale,"$1,350,000","
                  45 Huntleigh Woods,
                  ",Saint Louis,MO,63131,"2,806",3,3.5
513,House for Sale,"$6,850,000","
                  42 Huntleigh Woods Dr,
                  ",Huntleigh,MO,63131,"12,459",5,6.5+
514,House for Sale,"$703,150","
                  Avanleigh,
                  ",Frontenac,MO,63131,2,2,1.5
515,House for Sale,"$759,900","
                  Bellendon,
                  ",Frontenac,MO,63131,2,3,3.5
516,House for Sale,"$1,995,000","
                  2548 Town and Country Ln,
                  ",Saint Louis,MO,63131,"5,819",5,5.5
517,House for Sale,"$2,080,000","
                  The Winchester,
                  ",Saint Louis,MO,63131,"4,444",4,4.5+
518,House for Sale,"$1,695,000","
                  8 Vouga Ln,
                  ",Frontenac,MO,63131,"5,505",5,5.5+
519,House for Sale,"$699,900","
                  Avanleigh,
                  ",Frontenac,MO,63131,2,1,1.5
520,House for Sale,"$1,930,000","
                  The Huntbridge,
                  ",Saint Louis,MO,63131,"4,584",4,3.5+
521,House for Sale,"$1,095,000","
                  11726 Brookbend Dr,
                  ",Des Peres,MO,63131,"3,845",4,3.5
522,House for Sale,"$1,098,000","
                  9 Westwood Country Clb,
                  ",Saint Louis,MO,63131,"4,319",3,4.5
523,House for Sale,"$1,998,000","
                  The Huntington,
                  ",Saint Louis,MO,63131,"4,465",4,4.5+
524,House for Sale,"$2,090,000","
                  The Westchester III,
                  ",Saint Louis,MO,63131,2,4,4.5+
525,House for Sale,"$1,395,000","
                  11815 Point Oak Dr,
                  ",Saint Louis,MO,63131,"4,346",4,5.5
526,House for Sale,"$2,399,017","
                  1228 Tammany Ln,
                  ",Saint Louis,MO,63131,"8,993",6,5.5+
527,Land,"$1,325,000","
                  2 Claychester Dr,
                  ",Des Peres,MO,63131,0,2.04,0
528,House for Sale,"$674,900","
                  1 Lindworth Dr,
                  ",Saint Louis,MO,63124,"3,265",4,3.5
529,House for Sale,"$2,100,000","
                  16 Overbrook Dr,
                  ",Ladue,MO,63124,"4,788",5,3.5+
530,House for Sale,"$439,900","
                  2 Ferrand Woods,
                  ",Ladue,MO,63124,"2,554",4,3
531,House for Sale,"$649,000","
                  18 Ladue Ridge Rd,
                  ",Ladue,MO,63124,"2,017",3,3
532,House for Sale,"$675,000","
                  46 Woodcrest Dr,
                  ",Saint Louis,MO,63124,"2,540",3,3.5
533,House for Sale,"$1,539,000","
                  2 Mayfair Rd,
                  ",Ladue,MO,63124,"5,376",5,4.5+
534,House for Sale,"$599,000","
                  5 Fielding Rd,
                  ",Ladue,MO,63124,"2,766",3,2
535,House for Sale,"$440,000","
                  13 Waverton Dr,
                  ",Saint Louis,MO,63124,"1,384",3,2
536,House for Sale,"$575,000","
                  8681 W Kingsbury Ave,
                  ",Saint Louis,MO,63124,"2,790",4,3.5
537,House for Sale,"$369,900","
                  14 Foxboro Rd,
                  ",Ladue,MO,63124,"1,960",3,2
538,House for Sale,"$599,000","
                  1725 S McKnight Rd,
                  ",Ladue,MO,63124,"2,683",3,3.5
539,House for Sale,"$569,900","
                  6 Blaytonn Ln,
                  ",Saint Louis,MO,63124,"2,836",5,4.5
540,House for Sale,"$399,500","
                  8401 Louwen Dr,
                  ",Clayton,MO,63124,"1,643",3,3
541,House for Sale,"$350,000","
                  136 Wenneker Dr,
                  ",Ladue,MO,63124,"1,512",2,2
542,House for Sale,"$1,199,000","
                  250 N Price Rd,
                  ",Saint Louis,MO,63124,"4,160",3,3.5
543,House for Sale,"$450,000","
                  7 Dunleith Dr,
                  ",Ladue,MO,63124,"3,649",6,4.5+
544,House for Sale,"$850,000","
                  19 Lindworth Dr,
                  ",Ladue,MO,63124,"3,749",5,5
545,House for Sale,"$685,000","
                  11 Black Creek Ln,
                  ",Saint Louis,MO,63124,"2,664",4,2.5
546,House for Sale,"$799,900","
                  43 Granada Way,
                  ",Ladue,MO,63124,"2,800",4,3.5+
547,House for Sale,"$859,900","
                  9556 Park Ln,
                  ",Saint Louis,MO,63124,"3,045",5,3.5
548,House for Sale,"$780,000","
                  34 Burroughs Ln,
                  ",Ladue,MO,63124,"3,300",4,4.5
549,House for Sale,"$1,200,000","
                  17 Ellsworth Ln,
                  ",Ladue,MO,63124,"2,906",3,3.5
550,House for Sale,"$1,800,000","
                  3 Westerly Ln,
                  ",Ladue,MO,63124,"5,036",5,4.5
551,House for Sale,"$4,125,000","
                  809 S Warson Rd,
                  ",Saint Louis,MO,63124,"7,240",5,6.5+
552,House for Sale,"$2,995,000","
                  28 Overbrook Dr,
                  ",Ladue,MO,63124,"6,159",6,5.5+
553,House for Sale,"$2,445,000","
                  3 Edgewood Rd,
                  ",Ladue,MO,63124,"6,973",5,5.5
554,House for Sale,"$2,900,000","
                  9731-TBB Litzsinger Rd,
                  ",Ladue,MO,63124,"4,532",5,5.5+
555,Condo/Townhome,"$129,900","
                  3 Delcrest Ct Apt 102,
                  ",Saint Louis,MO,63124,"1,100",2,1
556,House for Sale,"$445,000","
                  425 Wenneker Dr,
                  ",Saint Louis,MO,63124,"1,643",4,3
557,House for Sale,"$1,350,000","
                  5 Dromara Rd,
                  ",Ladue,MO,63124,"5,666",5,3.5+
558,Condo/Townhome,"$204,900","
                  2682 McKnight Crossing Ct,
                  ",Rock Hill,MO,63124,"1,116",1,1.5
559,House for Sale,"$1,180,000","
                  44 Gouvenor Ln,
                  ",Ladue,MO,63124,"4,168",4,4.5
560,House for Sale,"$849,900","
                  2 Wickersham Ln,
                  ",Saint Louis,MO,63124,"2,850",4,2.5
561,House for Sale,"$2,225,000","
                  2 Maryhill Dr,
                  ",Ladue,MO,63124,"5,011",4,4.5+
562,House for Sale,"$1,495,000","
                  2 Lindworth Dr,
                  ",Ladue,MO,63124,"4,307",4,4.5+
563,House for Sale,"$1,524,900","
                  9 Glen Creek Ln,
                  ",Saint Louis,MO,63124,"4,226",4,5.5
564,House for Sale,"$2,250,000","
                  44 Woodcrest Dr,
                  ",Saint Louis,MO,63124,"4,645",5,5.5+
565,House for Sale,"$2,800,000","
                  4 Clayprice Ct,
                  ",Saint Louis,MO,63124,"6,272",6,6.5+
566,House for Sale,"$1,200,000","
                  722 Woods of Ladue Ln,
                  ",Saint Louis,MO,63124,"3,409",5,5
567,House for Sale,"$995,000","
                  65 Clermont Ln,
                  ",Saint Louis,MO,63124,"3,825",5,4
568,House for Sale,"$995,000","
                  28 Midpark Ln,
                  ",Ladue,MO,63124,"3,023",5,4.5
569,House for Sale,"$1,250,000","
                  10166 Winding Ridge Rd,
                  ",Ladue,MO,63124,"3,863",4,3.5+
570,Land,"$1,199,000","
                  61 Overhills Dr,
                  ",Saint Louis,MO,63124,0,3.46,0
571,Land,"$1,995,000","
                  559 Barnes Rd Lot 3,
                  ",Ladue,MO,63124,0,3.04,0
572,House for Sale,"$649,000","
                  18 Ladue Ridge Rd,
                  ",Ladue,MO,63124,"2,017",3,3
573,House for Sale,"$675,000","
                  46 Woodcrest Dr,
                  ",Saint Louis,MO,63124,"2,540",3,3.5
574,House for Sale,"$674,900","
                  1 Lindworth Dr,
                  ",Saint Louis,MO,63124,"3,265",4,3.5
575,House for Sale,"$439,900","
                  2 Ferrand Woods,
                  ",Ladue,MO,63124,"2,554",4,3
576,House for Sale,"$2,100,000","
                  16 Overbrook Dr,
                  ",Ladue,MO,63124,"4,788",5,3.5+
577,House for Sale,"$440,000","
                  13 Waverton Dr,
                  ",Saint Louis,MO,63124,"1,384",3,2
578,Condo/Townhome,"$209,900","
                  2650 McKnight Crossing Ct,
                  ",Saint Louis,MO,63124,"1,114",1,1.5
579,House for Sale,"$350,000","
                  136 Wenneker Dr,
                  ",Ladue,MO,63124,"1,512",2,2
580,House for Sale,"$369,900","
                  14 Foxboro Rd,
                  ",Ladue,MO,63124,"1,960",3,2
581,House for Sale,"$599,000","
                  5 Fielding Rd,
                  ",Ladue,MO,63124,"2,766",3,2
582,House for Sale,"$1,539,000","
                  2 Mayfair Rd,
                  ",Ladue,MO,63124,"5,376",5,4.5+
583,House for Sale,"$685,000","
                  11 Black Creek Ln,
                  ",Saint Louis,MO,63124,"2,664",4,2.5
584,House for Sale,"$450,000","
                  7 Dunleith Dr,
                  ",Ladue,MO,63124,"3,649",6,4.5+
585,Condo/Townhome,"$129,900","
                  3 Delcrest Ct Apt 102,
                  ",Saint Louis,MO,63124,"1,100",2,1
586,Condo/Townhome,"$204,900","
                  2682 McKnight Crossing Ct,
                  ",Rock Hill,MO,63124,"1,116",1,1.5
587,House for Sale,"$575,000","
                  8681 W Kingsbury Ave,
                  ",Saint Louis,MO,63124,"2,790",4,3.5
588,House for Sale,"$780,000","
                  34 Burroughs Ln,
                  ",Ladue,MO,63124,"3,300",4,4.5
589,House for Sale,"$599,000","
                  1725 S McKnight Rd,
                  ",Ladue,MO,63124,"2,683",3,3.5
590,House for Sale,"$799,900","
                  43 Granada Way,
                  ",Ladue,MO,63124,"2,800",4,3.5+
591,House for Sale,"$569,900","
                  6 Blaytonn Ln,
                  ",Saint Louis,MO,63124,"2,836",5,4.5
592,House for Sale,"$1,524,900","
                  9 Glen Creek Ln,
                  ",Saint Louis,MO,63124,"4,226",4,5.5
593,House for Sale,"$850,000","
                  19 Lindworth Dr,
                  ",Ladue,MO,63124,"3,749",5,5
594,House for Sale,"$1,495,000","
                  2 Lindworth Dr,
                  ",Ladue,MO,63124,"4,307",4,4.5+
595,House for Sale,"$915,000","
                  61 Conway Close Rd,
                  ",Saint Louis,MO,63124,"3,041",3,2.5+
596,House for Sale,"$1,200,000","
                  17 Ellsworth Ln,
                  ",Ladue,MO,63124,"2,906",3,3.5
597,House for Sale,"$799,000","
                  12 Wakefield Dr,
                  ",Ladue,MO,63124,"3,942",5,5
598,House for Sale,"$2,225,000","
                  2 Maryhill Dr,
                  ",Ladue,MO,63124,"5,011",4,4.5+
599,House for Sale,"$1,180,000","
                  44 Gouvenor Ln,
                  ",Ladue,MO,63124,"4,168",4,4.5
600,House for Sale,"$2,250,000","
                  44 Woodcrest Dr,
                  ",Saint Louis,MO,63124,"4,645",5,5.5+
601,House for Sale,"$1,250,000","
                  10166 Winding Ridge Rd,
                  ",Ladue,MO,63124,"3,863",4,3.5+
602,House for Sale,"$2,445,000","
                  3 Edgewood Rd,
                  ",Ladue,MO,63124,"6,973",5,5.5
603,House for Sale,"$1,350,000","
                  5 Dromara Rd,
                  ",Ladue,MO,63124,"5,666",5,3.5+
604,House for Sale,"$1,595,000","
                  57 Log Cabin Dr,
                  ",Saint Louis,MO,63124,"7,433",5,5.5+
605,House for Sale,"$1,199,000","
                  250 N Price Rd,
                  ",Saint Louis,MO,63124,"4,160",3,3.5
606,House for Sale,"$2,750,000","
                  21 Upper Ladue Rd,
                  ",Ladue,MO,63124,"6,349",5,4.5+
607,House for Sale,"$859,900","
                  9556 Park Ln,
                  ",Saint Louis,MO,63124,"3,045",5,3.5
608,House for Sale,"$915,000","
                  10111 Fieldcrest Ln,
                  ",Ladue,MO,63124,"3,000",4,3.5
609,House for Sale,"$1,799,000","
                  9252 Clayton Rd,
                  ",Ladue,MO,63124,"6,605",6,4.5
610,House for Sale,"$2,995,000","
                  28 Overbrook Dr,
                  ",Ladue,MO,63124,"6,159",6,5.5+
611,House for Sale,"$995,000","
                  28 Midpark Ln,
                  ",Ladue,MO,63124,"3,023",5,4.5
612,House for Sale,"$4,125,000","
                  809 S Warson Rd,
                  ",Saint Louis,MO,63124,"7,240",5,6.5+
613,House for Sale,"$2,800,000","
                  4 Clayprice Ct,
                  ",Saint Louis,MO,63124,"6,272",6,6.5+
614,Land,"$1,995,000","
                  559 Barnes Rd Lot 3,
                  ",Ladue,MO,63124,0,3.04,0
615,House for Sale,"$2,900,000","
                  9731-TBB Litzsinger Rd,
                  ",Ladue,MO,63124,"4,532",5,5.5+
616,House for Sale,"$775,000","
                  4 Glen Frst,
                  ",Ladue,MO,63124,"2,866",3,3.5
617,House for Sale,"$899,000","
                  9107 Clayton Rd,
                  ",Saint Louis,MO,63124,"4,292",6,3.5+
618,House for Sale,"$849,900","
                  2 Wickersham Ln,
                  ",Saint Louis,MO,63124,"2,850",4,2.5
619,House for Sale,"$399,500","
                  8401 Louwen Dr,
                  ",Clayton,MO,63124,"1,643",3,3
620,House for Sale,"$445,000","
                  425 Wenneker Dr,
                  ",Saint Louis,MO,63124,"1,643",4,3
621,House for Sale,"$599,000","
                  939 Winterwood Ln,
                  ",Ladue,MO,63124,"2,139",3,3.5
622,House for Sale,"$695,000","
                  16 Lindworth Ln,
                  ",Ladue,MO,63124,"2,548",4,2.5+
623,House for Sale,"$850,000","
                  1 Maryhill Dr,
                  ",Ladue,MO,63124,"5,479",4,4.5
624,House for Sale,"$1,200,000","
                  722 Woods of Ladue Ln,
                  ",Saint Louis,MO,63124,"3,409",5,5
625,House for Sale,"$1,995,000","
                  15 Ladue Ln,
                  ",Ladue,MO,63124,"8,133",6,4.5+
626,House for Sale,"$690,000","
                  10 Ladue Mnr,
                  ",Ladue,MO,63124,"2,260",3,2.5
627,House for Sale,"$995,000","
                  65 Clermont Ln,
                  ",Saint Louis,MO,63124,"3,825",5,4
628,House for Sale,"$1,089,000","
                  1 Overbrook Dr,
                  ",Ladue,MO,63124,"3,137",4,4.5
629,House for Sale,"$1,299,000","
                  9743 Litzsinger Rd,
                  ",Ladue,MO,63124,"3,725",3,4.5
630,House for Sale,"$1,599,000","
                  1601 S Warson Rd,
                  ",Ladue,MO,63124,"7,352",7,5.5+
631,House for Sale,"$979,000","
                  15 Babler Ln,
                  ",Saint Louis,MO,63124,"3,400",4,3.5+
632,House for Sale,"$875,000","
                  32 Oak Bend Ct,
                  ",Ladue,MO,63124,"3,535",5,4.5
633,House for Sale,"$1,350,000","
                  14 Clermont Ln,
                  ",Saint Louis,MO,63124,"6,450",5,5.5+
634,House for Sale,"$2,499,000","
                  5 Chateau Oaks,
                  ",Ladue,MO,63124,"8,341",5,5.5+
635,House for Sale,"$1,049,000","
                  12 Dunleith Dr,
                  ",Ladue,MO,63124,"4,691",4,4.5
636,House for Sale,"$599,000","
                  8 Sumac Ln,
                  ",Ladue,MO,63124,"2,555",3,2.5+
637,House for Sale,"$699,900","
                  4 Robin Hill Ln,
                  ",Ladue,MO,63124,"2,669",3,3
638,House for Sale,"$2,495,000","
                  25 Fair Oaks Dr,
                  ",Ladue,MO,63124,"7,222",6,5.5+
639,House for Sale,"$979,000","
                  46 Godwin Ln,
                  ",Ladue,MO,63124,"4,381",4,4.5+
640,House for Sale,"$649,000","
                  6 Dogwood Ln,
                  ",Ladue,MO,63124,"2,995",3,3.5
641,House for Sale,"$849,000","
                  44 Rio Vista Dr,
                  ",Ladue,MO,63124,"3,090",4,4
642,House for Sale,"$850,000","
                  15 Brazillian Ct,
                  ",Saint Louis,MO,63124,"2,980",3,3.5
643,House for Sale,"$1,250,000","
                  1150 Lay Rd,
                  ",Saint Louis,MO,63124,"4,168",5,4.5
644,House for Sale,"$2,150,000","
                  39 Briarcliff,
                  ",Saint Louis,MO,63124,"7,424",5,5.5+
645,House for Sale,"$499,980","
                  1016 Winwood Dr,
                  ",Saint Louis,MO,63124,"2,531",4,3
646,House for Sale,"$749,000","
                  1136 Ridgelynn Dr,
                  ",Ladue,MO,63124,"3,005",4,3
647,House for Sale,"$1,335,000","
                  6 The Prado,
                  ",Saint Louis,MO,63124,"5,353",6,4.5+
648,House for Sale,"$1,999,000","
                  2026 Log Cabin Ln,
                  ",Saint Louis,MO,63124,"6,965",5,6.5
649,House for Sale,"$3,900,000","
                  10 Edgewood Rd,
                  ",Ladue,MO,63124,"8,650",6,6.5+
650,House for Sale,"$1,800,000","
                  3 Westerly Ln,
                  ",Ladue,MO,63124,"5,036",5,4.5
651,House for Sale,"$1,425,000","
                  935 Barnes Rd,
                  ",Ladue,MO,63124,"5,750",4,5.5
652,House for Sale,"$2,995,000","
                  9945 Old Chatham Rd,
                  ",Saint Louis,MO,63124,"9,560",6,6.5+
653,House for Sale,"$2,950,000","
                  1 Upper Ladue Rd,
                  ",Ladue,MO,63124,"8,018",5,5.5+
654,House for Sale,"$1,500,000","
                  30 Clermont Ln,
                  ",Saint Louis,MO,63124,"4,953",4,3.5+
655,House for Sale,"$2,050,000","
                  32 Clermont Ln,
                  ",Ladue,MO,63124,"7,589",5,6.5
656,House for Sale,"$1,140,000","
                  12 Granada Way,
                  ",Ladue,MO,63124,"4,380",5,4.5+
657,House for Sale,"$2,295,000","
                  39 Lindworth Dr,
                  ",Ladue,MO,63124,"5,130",5,5.5+
658,House for Sale,"$975,000","
                  10101 Fieldcrest Ln,
                  ",Ladue,MO,63124,"3,160",4,4
659,Land,"$1,199,000","
                  61 Overhills Dr,
                  ",Saint Louis,MO,63124,0,3.46,0
660,House for Sale,"$425,000","
                  215 Whitmoor Forest Ct Unit 29,
                  ",Weldon Spring,MO,63304,"2,105",3,2
661,House for Sale,"$167,000","
                  4595 Clearbrook Dr,
                  ",Saint Charles,MO,63304,895,4,1
662,House for Sale,"$302,900","
                  4232 Weatherton Pl,
                  ",Saint Charles,MO,63304,"2,160",4,2.5
663,House for Sale,"$224,900","
                  1004 N Brampton Dr,
                  ",Saint Charles,MO,63304,"1,359",3,2
664,House for Sale,"$295,000","
                  3 Fox Den Ct,
                  ",Saint Charles,MO,63304,"2,497",4,2.5
665,Condo/Townhome,"$132,900","
                  1613 Piedmont Cir,
                  ",Saint Peters,MO,63304,"1,125",2,2
666,House for Sale,"$190,000","
                  1415 Mohican Trl,
                  ",Saint Charles,MO,63304,"1,152",3,2.5
667,House for Sale,"$299,900","
                  916 Arbor Green Dr,
                  ",Saint Charles,MO,63304,"2,618",4,2.5
668,House for Sale,"$369,900","
                  900 Wolfrum Glen Ct,
                  ",Saint Peters,MO,63304,"2,519",5,3.5
669,House for Sale,"$224,900","
                  5841 Walnut Creek Blvd,
                  ",Saint Charles,MO,63304,"1,414",3,2
670,Condo/Townhome,"$114,400","
                  226 Shirley Ridge Dr Unit 226C,
                  ",Saint Charles,MO,63304,"1,216",2,2
671,House for Sale,"$549,000","
                  5332 Enchanted Dr,
                  ",Weldon Spring,MO,63304,"2,829",5,3.5
672,House for Sale,"$360,000","
                  5236 Roanoke Dr,
                  ",Weldon Spring,MO,63304,"1,885",4,3
673,House for Sale,"$135,000","
                  4635 Kellykris Dr,
                  ",Saint Charles,MO,63304,"1,165",4,2.5
674,House for Sale,"$344,900","
                  5098 Mount Ellen Ct,
                  ",Saint Peters,MO,63304,"2,484",5,3.5
675,House for Sale,"$245,000","
                  1409 Colonial Dr,
                  ",Cottleville,MO,63304,"1,675",3,2.5
676,House for Sale,"$265,000","
                  4014 French Oak Ln,
                  ",Saint Charles,MO,63304,"1,472",3,3
677,House for Sale,"$250,000","
                  4302 Castle Rock Ct,
                  ",Saint Charles,MO,63304,"1,430",3,2
678,House for Sale,"$714,000","
                  The Villanueva,
                  ",Cottleville,MO,63304,"4,292",3,3.5
679,House for Sale,"$215,000","
                  1188 Musket Dr,
                  ",Saint Charles,MO,63304,"1,084",3,2.5
680,House for Sale,"$1,189,000","
                  4641 Crosshaven Ct,
                  ",Weldon Spring,MO,63304,"3,596",4,4.5
681,House for Sale,"$179,900","
                  4592 Clearbrook Dr,
                  ",Saint Charles,MO,63304,"1,129",3,2
682,House for Sale,"$399,900","
                  5726 Westchester Meadow Dr,
                  ",Weldon Spring,MO,63304,"2,312",3,2
683,House for Sale,"$260,000","
                  7 Bald Hill Ct,
                  ",Saint Peters,MO,63304,"2,028",4,2.5
684,House for Sale,"$575,000","
                  1434 Lucerne Pl,
                  ",Weldon Spring,MO,63304,"4,496",4,4.5
685,House for Sale,"$900,000","
                  700 Hillenkamp Dr,
                  ",Weldon Spring,MO,63304,"4,272",4,3.5
686,House for Sale,"$269,900","
                  4960 Braid Hills Dr,
                  ",Saint Peters,MO,63304,"1,543",3,2
687,House for Sale,"$499,900","
                  1167 Whitmoor Dr,
                  ",Weldon Spring,MO,63304,"2,817",4,4.5
688,House for Sale,"$325,000","
                  4228 Weatherton Pl,
                  ",Saint Charles,MO,63304,"2,190",3,3.5
689,House for Sale,"$354,900","
                  Ashton II,
                  ",Cottleville,MO,63304,"2,161",3,2.5
690,House for Sale,"$149,900","
                  23 Fern Dr,
                  ",Saint Charles,MO,63304,832,4,2
691,House for Sale,"$229,900","
                  115 Stonecrest Ln,
                  ",Saint Peters,MO,63304,"1,336",3,3
692,House for Sale,"$625,900","
                  Parkview II - Estate,
                  ",Cottleville,MO,63304,"3,840",4,3
693,House for Sale,"$273,500","
                  5845 Wellington Farm Dr,
                  ",Saint Charles,MO,63304,"2,577",4,2.5
694,Condo/Townhome,"$210,000","
                  5502 Bourbeuse Cmn Unit 1,
                  ",Weldon Spring,MO,63304,"1,667",2,2.5
695,House for Sale,"$325,000","
                  1126 Manor Cove Dr,
                  ",Saint Charles,MO,63304,"2,480",4,2.5+
696,House for Sale,"$240,000","
                  1360 Timothy Ridge Dr,
                  ",Saint Charles,MO,63304,"1,768",3,3
697,House for Sale,"$200,000","
                  1461 Arapahoe Way,
                  ",Saint Charles,MO,63304,"1,364",3,2
698,Condo/Townhome,"$124,900","
                  198 Harvest Moon Ct Unit 42A,
                  ",Saint Peters,MO,63304,"1,024",2,2
699,Condo/Townhome,"$130,000","
                  2021 Piedmont Cir,
                  ",Saint Peters,MO,63304,918,2,2
700,Condo/Townhome,"$99,900","
                  188 Harvest Moon Ct,
                  ",Saint Peters,MO,63304,"1,036",2,2
701,House for Sale,"$634,900","
                  Westbrooke - Estate,
                  ",Cottleville,MO,63304,"4,109",4,3
702,House for Sale,"$755,000","
                  The Prada,
                  ",Cottleville,MO,63304,"5,270",4,3.5
703,Condo/Townhome,"$130,000","
                  1235 Shirley Ridge Dr Unit 3F,
                  ",Saint Charles,MO,63304,"1,088",1,1
704,House for Sale,"$224,900","
                  1004 N Brampton Dr,
                  ",Saint Charles,MO,63304,"1,359",3,2
705,House for Sale,"$167,000","
                  4595 Clearbrook Dr,
                  ",Saint Charles,MO,63304,895,4,1
706,House for Sale,"$302,900","
                  4232 Weatherton Pl,
                  ",Saint Charles,MO,63304,"2,160",4,2.5
707,House for Sale,"$190,000","
                  1415 Mohican Trl,
                  ",Saint Charles,MO,63304,"1,152",3,2.5
708,House for Sale,"$299,900","
                  916 Arbor Green Dr,
                  ",Saint Charles,MO,63304,"2,618",4,2.5
709,Condo/Townhome,"$132,900","
                  1613 Piedmont Cir,
                  ",Saint Peters,MO,63304,"1,125",2,2
710,House for Sale,"$295,000","
                  3 Fox Den Ct,
                  ",Saint Charles,MO,63304,"2,497",4,2.5
711,House for Sale,"$135,000","
                  4635 Kellykris Dr,
                  ",Saint Charles,MO,63304,"1,165",4,2.5
712,House for Sale,"$224,900","
                  5841 Walnut Creek Blvd,
                  ",Saint Charles,MO,63304,"1,414",3,2
713,House for Sale,"$2,850,000","
                  11 Upper Whitmoor Dr,
                  ",Weldon Spring,MO,63304,"11,748",6,9.5+
714,House for Sale,"$369,900","
                  900 Wolfrum Glen Ct,
                  ",Saint Peters,MO,63304,"2,519",5,3.5
715,Condo/Townhome,"$210,000","
                  5502 Bourbeuse Cmn Unit 1,
                  ",Weldon Spring,MO,63304,"1,667",2,2.5
716,House for Sale,"$175,000","
                  4025 Mary Ridge Ln,
                  ",Saint Charles,MO,63304,864,3,1
717,House for Sale,"$215,000","
                  1188 Musket Dr,
                  ",Saint Charles,MO,63304,"1,084",3,2.5
718,House for Sale,"$245,000","
                  1409 Colonial Dr,
                  ",Cottleville,MO,63304,"1,675",3,2.5
719,House for Sale,"$229,900","
                  115 Stonecrest Ln,
                  ",Saint Peters,MO,63304,"1,336",3,3
720,House for Sale,"$265,000","
                  4014 French Oak Ln,
                  ",Saint Charles,MO,63304,"1,472",3,3
721,Condo/Townhome,"$130,000","
                  2021 Piedmont Cir,
                  ",Saint Peters,MO,63304,918,2,2
722,House for Sale,"$250,000","
                  4302 Castle Rock Ct,
                  ",Saint Charles,MO,63304,"1,430",3,2
723,Condo/Townhome,"$114,400","
                  226 Shirley Ridge Dr Unit 226C,
                  ",Saint Charles,MO,63304,"1,216",2,2
724,House for Sale,"$360,000","
                  5236 Roanoke Dr,
                  ",Weldon Spring,MO,63304,"1,885",4,3
725,House for Sale,"$489,900","
                  3 Enclave Ct,
                  ",Saint Charles,MO,63304,"2,558",4,3.5
726,House for Sale,"$425,000","
                  215 Whitmoor Forest Ct Unit 29,
                  ",Weldon Spring,MO,63304,"2,105",3,2
727,House for Sale,"$344,900","
                  5098 Mount Ellen Ct,
                  ",Saint Peters,MO,63304,"2,484",5,3.5
728,House for Sale,"$260,000","
                  7 Bald Hill Ct,
                  ",Saint Peters,MO,63304,"2,028",4,2.5
729,House for Sale,"$325,000","
                  1126 Manor Cove Dr,
                  ",Saint Charles,MO,63304,"2,480",4,2.5+
730,House for Sale,"$254,900","
                  1058 Reddington Timbers Dr,
                  ",Saint Charles,MO,63304,"1,790",3,3
731,House for Sale,"$325,000","
                  4228 Weatherton Pl,
                  ",Saint Charles,MO,63304,"2,190",3,3.5
732,House for Sale,"$265,000","
                  945 Weatherstone Dr,
                  ",Saint Charles,MO,63304,"2,156",4,2.5
733,House for Sale,"$315,000","
                  305 Pearson Ct,
                  ",Saint Charles,MO,63304,"2,490",4,2.5
734,House for Sale,"$714,000","
                  The Villanueva,
                  ",Cottleville,MO,63304,"4,292",3,3.5
735,House for Sale,"$354,900","
                  Ashton II,
                  ",Cottleville,MO,63304,"2,161",3,2.5
736,House for Sale,"$579,900","
                  Nantucket II - Estate,
                  ",Cottleville,MO,63304,"2,797",3,2
737,House for Sale,"$554,900","
                  Woodside - Estate,
                  ",Cottleville,MO,63304,"2,662",3,2
738,House for Sale,"$614,900","
                  Wyndham - Estate,
                  ",Cottleville,MO,63304,"3,752",4,3
739,House for Sale,"$625,900","
                  Parkview II - Estate,
                  ",Cottleville,MO,63304,"3,840",4,3
740,House for Sale,"$735,000","
                  The Madrid,
                  ",Cottleville,MO,63304,"4,517",4,4.5
741,House for Sale,"$392,000","
                  The Sunset,
                  ",Saint Charles,MO,63304,"3,087",4,2.5
742,House for Sale,"$620,900","
                  Nantucket - Estate,
                  ",Cottleville,MO,63304,"3,292",3,2
743,House for Sale,"$650,000","
                  The Palencia,
                  ",Cottleville,MO,63304,"3,796",3,3.5
744,House for Sale,"$594,900","
                  Waterford - Estate,
                  ",Cottleville,MO,63304,"3,612",4,2
745,House for Sale,"$398,000","
                  The Magnolia,
                  ",Saint Charles,MO,63304,"3,103",4,2.5
746,House for Sale,"$634,900","
                  Westbrooke - Estate,
                  ",Cottleville,MO,63304,"4,109",4,3
747,House for Sale,"$755,000","
                  The Prada,
                  ",Cottleville,MO,63304,"5,270",4,3.5
748,House for Sale,"$2,850,000","
                  11 Upper Whitmoor Dr,
                  ",Weldon Spring,MO,63304,"11,748",6,9.5+
749,House for Sale,"$240,000","
                  765 Seven Hills Ln,
                  ",Saint Charles,MO,63304,"1,462",4,2.5
750,House for Sale,"$239,900","
                  1113 Claycrest Dr,
                  ",Saint Charles,MO,63304,"1,388",3,3
751,Condo/Townhome,"$149,900","
                  422 Shirley Ridge Dr Unit 422B,
                  ",Saint Charles,MO,63304,"1,416",2,2
752,House for Sale,"$204,900","
                  1029 Harvest Home Cir,
                  ",Saint Charles,MO,63304,"1,134",3,2
753,House for Sale,"$200,000","
                  4636 Kellykris Dr,
                  ",Saint Charles,MO,63304,"1,220",3,3
754,House for Sale,"$489,000","
                  22 Rathsallagh Ct,
                  ",Weldon Spring,MO,63304,"2,512",4,3.5
755,House for Sale,"$489,900","
                  670 Killary Down,
                  ",Weldon Spring,MO,63304,"2,325",4,2
756,House for Sale,"$489,900","
                  3 Enclave Ct,
                  ",Saint Charles,MO,63304,"2,558",4,3.5
757,House for Sale,"$265,000","
                  945 Weatherstone Dr,
                  ",Saint Charles,MO,63304,"2,156",4,2.5
758,House for Sale,"$215,000","
                  29 David Dr,
                  ",Saint Charles,MO,63304,"1,328",4,2
759,House for Sale,"$435,900","
                  201 Ozark Meadows Dr,
                  ",Weldon Spring,MO,63304,"3,044",5,3.5
760,House for Sale,"$280,000","
                  5486 Precious Stone Ct,
                  ",Saint Charles,MO,63304,"2,165",4,2.5
761,House for Sale,"$275,000","
                  837 Ridgetop Cir,
                  ",Saint Charles,MO,63304,"2,380",4,2.5
762,House for Sale,"$254,900","
                  1058 Reddington Timbers Dr,
                  ",Saint Charles,MO,63304,"1,790",3,3
763,House for Sale,"$175,000","
                  4025 Mary Ridge Ln,
                  ",Saint Charles,MO,63304,864,3,1
764,House for Sale,"$229,900","
                  911 Caulks Hill Rd,
                  ",Saint Charles,MO,63304,"1,572",4,3
765,House for Sale,"$400,000","
                  318 White Pine Dr,
                  ",Saint Charles,MO,63304,"2,637",5,3.5
766,House for Sale,"$399,900","
                  1159 Hollow Valley Ct,
                  ",O Fallon,MO,63304,"2,768",4,3.5
767,House for Sale,"$135,000","
                  6 Lois Dr,
                  ",Saint Charles,MO,63304,"1,364",4,3
768,House for Sale,"$315,000","
                  305 Pearson Ct,
                  ",Saint Charles,MO,63304,"2,490",4,2.5
769,House for Sale,"$349,900","
                  5104 Hayston Ct,
                  ",Saint Peters,MO,63304,"2,590",4,2.5
770,Condo/Townhome,"$186,500","
                  5503 Wavecrest Cir,
                  ",Saint Charles,MO,63304,"1,528",3,2.5
771,House for Sale,"$309,900","
                  313 Booth Bay Ct,
                  ",Harvester,MO,63304,"2,258",4,2.5+
772,House for Sale,"$625,000","
                  The Raleigh,
                  ",Cottleville,MO,63304,"3,876",4,3.5
773,House for Sale,"$554,900","
                  Arlington II - Estate,
                  ",Cottleville,MO,63304,"2,653",3,2
774,House for Sale,"$519,900","
                  Durham II - Estate,
                  ",Cottleville,MO,63304,"2,220",3,2
775,Land,"$150,000","
                  57 Castle Blf Lot 57,
                  ",Saint Charles,MO,63304,0,0.73,0
776,House for Sale,"$405,370","
                  715-UC Tinsley Ct,
                  ",Cottleville,MO,63304,"1,929",3,2
777,House for Sale,"$362,000","
                  The Augusta,
                  ",Saint Charles,MO,63304,"2,106",3,2.5
778,House for Sale,"$579,900","
                  Nantucket II - Estate,
                  ",Cottleville,MO,63304,"2,797",3,2
779,House for Sale,"$554,900","
                  Woodside - Estate,
                  ",Cottleville,MO,63304,"2,662",3,2
780,House for Sale,"$614,900","
                  Wyndham - Estate,
                  ",Cottleville,MO,63304,"3,752",4,3
781,House for Sale,"$380,000","
                  The Indigo,
                  ",Saint Charles,MO,63304,"2,569",3,2.5
782,House for Sale,"$364,000","
                  The Lakeland,
                  ",Saint Charles,MO,63304,"2,699",4,2.5
783,House for Sale,"$735,000","
                  The Madrid,
                  ",Cottleville,MO,63304,"4,517",4,4.5
784,House for Sale,"$392,000","
                  The Sunset,
                  ",Saint Charles,MO,63304,"3,087",4,2.5
785,House for Sale,"$591,900","
                  Nantucket - Estate,
                  ",Weldon Spring,MO,63304,"3,292",3,2.5
786,House for Sale,"$382,000","
                  The Forest,
                  ",Saint Charles,MO,63304,"2,968",4,2.5
787,House for Sale,"$398,000","
                  The Magnolia,
                  ",Saint Charles,MO,63304,"3,103",4,2.5
788,House for Sale,"$650,000","
                  The Palencia,
                  ",Cottleville,MO,63304,"3,796",3,3.5
789,House for Sale,"$620,900","
                  Nantucket - Estate,
                  ",Cottleville,MO,63304,"3,292",3,2
790,House for Sale,"$594,900","
                  Waterford - Estate,
                  ",Cottleville,MO,63304,"3,612",4,2
791,Land,"$229,000","
                  66 Castle Bluff Dr Lot 66,
                  ",Saint Charles,MO,63304,0,3.43,0
